# ************************************************************
# Sequel Pro SQL dump
# Version 4541
#
# http://www.sequelpro.com/
# https://github.com/sequelpro/sequelpro
#
# Host: 127.0.0.1 (MySQL 5.7.10)
# Database: Potunes
# Generation Time: 2016-11-02 12:32:46 +0000
# ************************************************************


/*!40101 SET @OLD_CHARACTER_SET_CLIENT=@@CHARACTER_SET_CLIENT */;
/*!40101 SET @OLD_CHARACTER_SET_RESULTS=@@CHARACTER_SET_RESULTS */;
/*!40101 SET @OLD_COLLATION_CONNECTION=@@COLLATION_CONNECTION */;
/*!40101 SET NAMES utf8 */;
/*!40014 SET @OLD_FOREIGN_KEY_CHECKS=@@FOREIGN_KEY_CHECKS, FOREIGN_KEY_CHECKS=0 */;
/*!40101 SET @OLD_SQL_MODE=@@SQL_MODE, SQL_MODE='NO_AUTO_VALUE_ON_ZERO' */;
/*!40111 SET @OLD_SQL_NOTES=@@SQL_NOTES, SQL_NOTES=0 */;


# Dump of table _mysql_session_store
# ------------------------------------------------------------

DROP TABLE IF EXISTS `_mysql_session_store`;

CREATE TABLE `_mysql_session_store` (
  `id` varchar(255) NOT NULL,
  `expires` bigint(20) DEFAULT NULL,
  `data` text,
  PRIMARY KEY (`id`)
) ENGINE=InnoDB DEFAULT CHARSET=utf8;

LOCK TABLES `_mysql_session_store` WRITE;
/*!40000 ALTER TABLE `_mysql_session_store` DISABLE KEYS */;

INSERT INTO `_mysql_session_store` (`id`, `expires`, `data`)
VALUES
	('poche:-rNnBw7eD6wayZmmqiuuQWsDJjShp8qQ',1478080903606,'{\"cookie\":{\"maxage\":1800000,\"path\":\"/\",\"httpOnly\":true,\"rewrite\":true,\"signed\":true,\"overwrite\":true},\"user\":{\"name\":\"lastshrek\",\"email\":\"lastshrek@foxmail.com\"}}'),
	('poche:-VQlw-tsL-hiABJfdQyw0l1ZUWQX6zTM',1478079077376,'{\"cookie\":{\"maxage\":1800000,\"path\":\"/\",\"httpOnly\":true,\"rewrite\":true,\"signed\":true,\"overwrite\":true},\"user\":{\"name\":\"lastshrek\",\"email\":\"lastshrek@foxmail.com\"}}'),
	('poche:0g_alufAzDgofoi8u5jfvFE5LYcE5oS6',1477818733512,'{\"cookie\":{\"maxage\":1800000,\"path\":\"/\",\"httpOnly\":true,\"rewrite\":true,\"signed\":true,\"overwrite\":true},\"user\":{\"name\":\"lastshrek\",\"email\":\"lastshrek@foxmail.com\"}}'),
	('poche:0K-lg5oSF-UyWfNbuCejUB7S1qmO-NRs',1477034599493,'{\"cookie\":{\"maxage\":1800000,\"path\":\"/\",\"httpOnly\":true,\"rewrite\":true,\"signed\":true,\"overwrite\":true},\"user\":{\"name\":\"lastshrek\",\"email\":\"lastshrek@foxmail.com\"}}'),
	('poche:1IYk0NjJn-LV-tDiLkQ4CVc6pyMDZU5Z',1477457233234,'{\"cookie\":{\"maxage\":1800000,\"path\":\"/\",\"httpOnly\":true,\"rewrite\":true,\"signed\":true,\"overwrite\":true},\"user\":{\"name\":\"lastshrek\",\"email\":\"lastshrek@foxmail.com\"}}'),
	('poche:1qpyHQ8BlsdxPWtd37Q1-XZ9kg3aZ8ws',1477902721056,'{\"cookie\":{\"maxage\":1800000,\"path\":\"/\",\"httpOnly\":true,\"rewrite\":true,\"signed\":true,\"overwrite\":true},\"user\":{\"name\":\"lastshrek\",\"email\":\"lastshrek@foxmail.com\"}}'),
	('poche:2eNQSRwDddM2dvIeVwA_JvesEzIIp6yC',1477984374305,'{\"cookie\":{\"maxage\":1800000,\"path\":\"/\",\"httpOnly\":true,\"rewrite\":true,\"signed\":true,\"overwrite\":true},\"user\":{\"name\":\"lastshrek\",\"email\":\"lastshrek@foxmail.com\"}}'),
	('poche:3LYsDOmbduVGvN4e4VyBlCj9nR1H7JtK',1477910340846,'{\"cookie\":{\"maxage\":1800000,\"path\":\"/\",\"httpOnly\":true,\"rewrite\":true,\"signed\":true,\"overwrite\":true},\"user\":{\"name\":\"lastshrek\",\"email\":\"lastshrek@foxmail.com\"}}'),
	('poche:3w5CAzKJaBty9mc0Ots10aXP0kloOJyE',1477972658052,'{\"cookie\":{\"maxage\":1800000,\"path\":\"/\",\"httpOnly\":true,\"rewrite\":true,\"signed\":true,\"overwrite\":true},\"user\":{\"name\":\"lastshrek\",\"email\":\"lastshrek@foxmail.com\"}}'),
	('poche:4CaBVIYtR7_yB5iQY47131TEjt8pLlBq',1477472071730,'{\"cookie\":{\"maxage\":1800000,\"path\":\"/\",\"httpOnly\":true,\"rewrite\":true,\"signed\":true,\"overwrite\":true},\"user\":{\"name\":\"lastshrek\",\"email\":\"lastshrek@foxmail.com\"}}'),
	('poche:4T7zXo_p4QP6vPtS8eGo3TB8xfdvk3bK',1477380169982,'{\"cookie\":{\"maxage\":1800000,\"path\":\"/\",\"httpOnly\":true,\"rewrite\":true,\"signed\":true,\"overwrite\":true},\"user\":{\"name\":\"lastshrek\",\"email\":\"lastshrek@foxmail.com\"}}'),
	('poche:5gEX4NW0L3Jj7ButjTd_-iKACtAAWHzu',1478070932386,'{\"cookie\":{\"maxage\":1800000,\"path\":\"/\",\"httpOnly\":true,\"rewrite\":true,\"signed\":true,\"overwrite\":true},\"user\":{\"name\":\"lastshrek\",\"email\":\"lastshrek@foxmail.com\"}}'),
	('poche:5S0FVaJMiKl5Zb3lTGdcZT6quvAMpaer',1477887403503,'{\"cookie\":{\"maxage\":1800000,\"path\":\"/\",\"httpOnly\":true,\"rewrite\":true,\"signed\":true,\"overwrite\":true},\"user\":{\"name\":\"lastshrek\",\"email\":\"lastshrek@foxmail.com\"}}'),
	('poche:5Tcr1eZq4vloYoLnc_k2aWE-uJP4r6M6',1477885384043,'{\"cookie\":{\"maxage\":1800000,\"path\":\"/\",\"httpOnly\":true,\"rewrite\":true,\"signed\":true,\"overwrite\":true},\"user\":{\"name\":\"lastshrek\",\"email\":\"lastshrek@foxmail.com\"}}'),
	('poche:6j1OfMkvAMQWdtLykocgk2g-JGtA5gZg',1477562003124,'{\"cookie\":{\"maxage\":1800000,\"path\":\"/\",\"httpOnly\":true,\"rewrite\":true,\"signed\":true,\"overwrite\":true},\"user\":{\"name\":\"lastshrek\",\"email\":\"lastshrek@foxmail.com\"}}'),
	('poche:776erePnvpolKIXA5DIJYEEbGU31FSSS',1476966312559,'{\"cookie\":{\"maxage\":1800000,\"path\":\"/\",\"httpOnly\":true,\"rewrite\":true,\"signed\":true,\"overwrite\":true},\"user\":{\"name\":\"lastshrek\",\"email\":\"lastshrek@foxmail.com\"}}'),
	('poche:9G-851um_DeYHV_D-uEuDFBDIXjiGPSN',1477474003446,'{\"cookie\":{\"maxage\":1800000,\"path\":\"/\",\"httpOnly\":true,\"rewrite\":true,\"signed\":true,\"overwrite\":true},\"user\":{\"name\":\"lastshrek\",\"email\":\"lastshrek@foxmail.com\"}}'),
	('poche:AKx1whLGtX4e7FWVKnA77enYcvkfbfun',1477556296016,'{\"cookie\":{\"maxage\":1800000,\"path\":\"/\",\"httpOnly\":true,\"rewrite\":true,\"signed\":true,\"overwrite\":true},\"user\":{\"name\":\"lastshrek\",\"email\":\"lastshrek@foxmail.com\"}}'),
	('poche:bEhx7yYhRZV27SazTrikhsv83ii3tHZw',1477479381932,'{\"cookie\":{\"maxage\":1800000,\"path\":\"/\",\"httpOnly\":true,\"rewrite\":true,\"signed\":true,\"overwrite\":true},\"user\":{\"name\":\"lastshrek\",\"email\":\"lastshrek@foxmail.com\"}}'),
	('poche:Bo0bL-DHixPaF0TfTthPH_D0Z0a-alq5',1478082711579,'{\"cookie\":{\"maxage\":1800000,\"path\":\"/\",\"httpOnly\":true,\"rewrite\":true,\"signed\":true,\"overwrite\":true},\"user\":{\"name\":\"lastshrek\",\"email\":\"lastshrek@foxmail.com\"}}'),
	('poche:bodPgqPrvD9cn6O6cIaf_X0wjvNoVN6z',1477366642399,'{\"cookie\":{\"maxage\":1800000,\"path\":\"/\",\"httpOnly\":true,\"rewrite\":true,\"signed\":true,\"overwrite\":true},\"user\":{\"name\":\"lastshrek\",\"email\":\"lastshrek@foxmail.com\"}}'),
	('poche:cHbgB2e1Xd6Su8oaQVn4yr6gyaAl72pW',1476966598014,'{\"cookie\":{\"maxage\":null,\"path\":\"/\",\"httpOnly\":true,\"rewrite\":true,\"signed\":true,\"overwrite\":true},\"user\":{\"name\":\"lastshrek\",\"email\":\"lastshrek@foxmail.com\"}}'),
	('poche:cxF-qThgawOyJJO1evlhgnDvHkVTTa9z',1477973359978,'{\"cookie\":{\"maxage\":1800000,\"path\":\"/\",\"httpOnly\":true,\"rewrite\":true,\"signed\":true,\"overwrite\":true},\"user\":{\"name\":\"lastshrek\",\"email\":\"lastshrek@foxmail.com\"}}'),
	('poche:C_J6oxf0yGK59rZAy6gUPcGKxhp82kwk',1477453170773,'{\"cookie\":{\"maxage\":1800000,\"path\":\"/\",\"httpOnly\":true,\"rewrite\":true,\"signed\":true,\"overwrite\":true},\"user\":{\"name\":\"lastshrek\",\"email\":\"lastshrek@foxmail.com\"}}'),
	('poche:d8C-RDrn7mpZyS3FZx7Uuc9HLj59C5wD',1477554054711,'{\"cookie\":{\"maxage\":1800000,\"path\":\"/\",\"httpOnly\":true,\"rewrite\":true,\"signed\":true,\"overwrite\":true},\"user\":{\"name\":\"lastshrek\",\"email\":\"lastshrek@foxmail.com\"}}'),
	('poche:dBJyHRAp_X1L3-oN8616oCArHn_3mod6',1478058211425,'{\"cookie\":{\"maxage\":1800000,\"path\":\"/\",\"httpOnly\":true,\"rewrite\":true,\"signed\":true,\"overwrite\":true},\"user\":{\"name\":\"lastshrek\",\"email\":\"lastshrek@foxmail.com\"}}'),
	('poche:DKAwS8WnhEhBCZTJR5pE-aw8g3d1jcq_',1477279647490,'{\"cookie\":{\"maxage\":1800000,\"path\":\"/\",\"httpOnly\":true,\"rewrite\":true,\"signed\":true,\"overwrite\":true},\"user\":{\"name\":\"lastshrek\",\"email\":\"lastshrek@foxmail.com\"}}'),
	('poche:dQAEzZnuTv7VdD4zd36xbbLqmdZHI9zA',1477998400560,'{\"cookie\":{\"maxage\":1800000,\"path\":\"/\",\"httpOnly\":true,\"rewrite\":true,\"signed\":true,\"overwrite\":true},\"user\":{\"name\":\"lastshrek\",\"email\":\"lastshrek@foxmail.com\"}}'),
	('poche:DQN8efuUY4F7SUYNiaRKriNoAWWO33pq',1477975282222,'{\"cookie\":{\"maxage\":1800000,\"path\":\"/\",\"httpOnly\":true,\"rewrite\":true,\"signed\":true,\"overwrite\":true},\"user\":{\"name\":\"lastshrek\",\"email\":\"lastshrek@foxmail.com\"}}'),
	('poche:e1ixsIPf1udjzuQ3aMZNPuQDlgIYfsDu',1477986478368,'{\"cookie\":{\"maxage\":1800000,\"path\":\"/\",\"httpOnly\":true,\"rewrite\":true,\"signed\":true,\"overwrite\":true},\"user\":{\"name\":\"lastshrek\",\"email\":\"lastshrek@foxmail.com\"}}'),
	('poche:erpbwZvyScUl_ydoHrJduSPK-HzfZtBM',1476966207100,'{\"cookie\":{\"maxage\":1800000,\"path\":\"/\",\"httpOnly\":true,\"rewrite\":true,\"signed\":true,\"overwrite\":true},\"user\":{\"name\":\"lastshrek\",\"email\":\"lastshrek@foxmail.com\"}}'),
	('poche:f2jK2MhmWUFs8-RMegQJykZsY7HkD2mp',1477914073751,'{\"cookie\":{\"maxage\":1800000,\"path\":\"/\",\"httpOnly\":true,\"rewrite\":true,\"signed\":true,\"overwrite\":true},\"user\":{\"name\":\"lastshrek\",\"email\":\"lastshrek@foxmail.com\"}}'),
	('poche:F2ShnuYs3JVkNIaoCvxEIHz4hZh3LIC2',1477391501873,'{\"cookie\":{\"maxage\":1800000,\"path\":\"/\",\"httpOnly\":true,\"rewrite\":true,\"signed\":true,\"overwrite\":true},\"user\":{\"name\":\"lastshrek\",\"email\":\"lastshrek@foxmail.com\"}}'),
	('poche:gNo6RZRy_PSoM3njwrR3dkc1DqYdMBkC',1477904561084,'{\"cookie\":{\"maxage\":1800000,\"path\":\"/\",\"httpOnly\":true,\"rewrite\":true,\"signed\":true,\"overwrite\":true},\"user\":{\"name\":\"lastshrek\",\"email\":\"lastshrek@foxmail.com\"}}'),
	('poche:gwnhr4heI9W0U_v87MA8RKtPvw9AKqlu',1477369210279,'{\"cookie\":{\"maxage\":1800000,\"path\":\"/\",\"httpOnly\":true,\"rewrite\":true,\"signed\":true,\"overwrite\":true},\"user\":{\"name\":\"lastshrek\",\"email\":\"lastshrek@foxmail.com\"}}'),
	('poche:gyJi2Yl3pmqL8DkGvBvdRYvaCDgAEtLo',1477469290913,'{\"cookie\":{\"maxage\":1800000,\"path\":\"/\",\"httpOnly\":true,\"rewrite\":true,\"signed\":true,\"overwrite\":true},\"user\":{\"name\":\"lastshrek\",\"email\":\"lastshrek@foxmail.com\"}}'),
	('poche:H-S02DPbFFNxAWnkpuer19uccsRWxxsu',1477896900065,'{\"cookie\":{\"maxage\":1800000,\"path\":\"/\",\"httpOnly\":true,\"rewrite\":true,\"signed\":true,\"overwrite\":true},\"user\":{\"name\":\"lastshrek\",\"email\":\"lastshrek@foxmail.com\"}}'),
	('poche:h5CGMZHxBZCju1muPR8ZpGvkcsrd_uCC',1477559922649,'{\"cookie\":{\"maxage\":1800000,\"path\":\"/\",\"httpOnly\":true,\"rewrite\":true,\"signed\":true,\"overwrite\":true},\"user\":{\"name\":\"lastshrek\",\"email\":\"lastshrek@foxmail.com\"}}'),
	('poche:h6UrKHXlfbOjrmRIU5WwU9-WR8ni7VN2',1478088086273,'{\"cookie\":{\"maxage\":1800000,\"path\":\"/\",\"httpOnly\":true,\"rewrite\":true,\"signed\":true,\"overwrite\":true},\"user\":{\"name\":\"lastshrek\",\"email\":\"lastshrek@foxmail.com\"}}'),
	('poche:JEM_MSUPUWBmsMeaIZBsWCcjhbkTeTVf',1477982558084,'{\"cookie\":{\"maxage\":1800000,\"path\":\"/\",\"httpOnly\":true,\"rewrite\":true,\"signed\":true,\"overwrite\":true},\"user\":{\"name\":\"lastshrek\",\"email\":\"lastshrek@foxmail.com\"}}'),
	('poche:jhRrDSaULS5L76fiVVtmy7mf_93jGPCL',1477378199627,'{\"cookie\":{\"maxage\":1800000,\"path\":\"/\",\"httpOnly\":true,\"rewrite\":true,\"signed\":true,\"overwrite\":true},\"user\":{\"name\":\"lastshrek\",\"email\":\"lastshrek@foxmail.com\"}}'),
	('poche:j_BuNYs7ZC-17kEbYFzdONtFw7MsGXao',1478086267647,'{\"cookie\":{\"maxage\":1800000,\"path\":\"/\",\"httpOnly\":true,\"rewrite\":true,\"signed\":true,\"overwrite\":true},\"user\":{\"name\":\"lastshrek\",\"email\":\"lastshrek@foxmail.com\"}}'),
	('poche:kyJfpbxVL_JMoqwsIo1viaqyFvDCuz-v',1477973175224,'{\"cookie\":{\"maxage\":1800000,\"path\":\"/\",\"httpOnly\":true,\"rewrite\":true,\"signed\":true,\"overwrite\":true},\"user\":{\"name\":\"lastshrek\",\"email\":\"lastshrek@foxmail.com\"}}'),
	('poche:LbAfzPau_x4oYishi6t33tkOrmjjcPfx',1477564461742,'{\"cookie\":{\"maxage\":1800000,\"path\":\"/\",\"httpOnly\":true,\"rewrite\":true,\"signed\":true,\"overwrite\":true},\"user\":{\"name\":\"lastshrek\",\"email\":\"lastshrek@foxmail.com\"}}'),
	('poche:lK84liE495KRLnzkHAaTWTw4GVoue5j1',1477389489581,'{\"cookie\":{\"maxage\":1800000,\"path\":\"/\",\"httpOnly\":true,\"rewrite\":true,\"signed\":true,\"overwrite\":true},\"user\":{\"name\":\"lastshrek\",\"email\":\"lastshrek@foxmail.com\"}}'),
	('poche:ltvXmFD8s_cst_Ewls6IlnVV53phyp0f',1477900767012,'{\"cookie\":{\"maxage\":1800000,\"path\":\"/\",\"httpOnly\":true,\"rewrite\":true,\"signed\":true,\"overwrite\":true},\"user\":{\"name\":\"lastshrek\",\"email\":\"lastshrek@foxmail.com\"}}'),
	('poche:m71R9PcfCJcllxXxyYg5hwrPob3x97Dk',1477908373705,'{\"cookie\":{\"maxage\":1800000,\"path\":\"/\",\"httpOnly\":true,\"rewrite\":true,\"signed\":true,\"overwrite\":true},\"user\":{\"name\":\"lastshrek\",\"email\":\"lastshrek@foxmail.com\"}}'),
	('poche:mLZfjyntjQwU_X8ihVYKljSGhU7WEnTk',1477455089830,'{\"cookie\":{\"maxage\":1800000,\"path\":\"/\",\"httpOnly\":true,\"rewrite\":true,\"signed\":true,\"overwrite\":true},\"user\":{\"name\":\"lastshrek\",\"email\":\"lastshrek@foxmail.com\"}}'),
	('poche:MYsvP5KFqVwFTZZ2h6eCFha39TlAQDRl',1477912190040,'{\"cookie\":{\"maxage\":1800000,\"path\":\"/\",\"httpOnly\":true,\"rewrite\":true,\"signed\":true,\"overwrite\":true},\"user\":{\"name\":\"lastshrek\",\"email\":\"lastshrek@foxmail.com\"}}'),
	('poche:N1j4HomVxCzDg1c-aqiLBfbxRBjrjwZJ',1477463599489,'{\"cookie\":{\"maxage\":1800000,\"path\":\"/\",\"httpOnly\":true,\"rewrite\":true,\"signed\":true,\"overwrite\":true},\"user\":{\"name\":\"lastshrek\",\"email\":\"lastshrek@foxmail.com\"}}'),
	('poche:Nwj2aGtxOjuu1_9s7q7tNF9OuQZEpyQ2',1477992111421,'{\"cookie\":{\"maxage\":1800000,\"path\":\"/\",\"httpOnly\":true,\"rewrite\":true,\"signed\":true,\"overwrite\":true},\"user\":{\"name\":\"lastshrek\",\"email\":\"lastshrek@foxmail.com\"}}'),
	('poche:O0UnGJbfnG8bqUHhVro08ujCcoZRuwTM',1477844618543,'{\"cookie\":{\"maxage\":1800000,\"path\":\"/\",\"httpOnly\":true,\"rewrite\":true,\"signed\":true,\"overwrite\":true},\"user\":{\"name\":\"lastshrek\",\"email\":\"lastshrek@foxmail.com\"}}'),
	('poche:OryspsqyqXXjIGs0JhPSeexRZ6JME7K1',1477889814860,'{\"cookie\":{\"maxage\":1800000,\"path\":\"/\",\"httpOnly\":true,\"rewrite\":true,\"signed\":true,\"overwrite\":true},\"user\":{\"name\":\"lastshrek\",\"email\":\"lastshrek@foxmail.com\"}}'),
	('poche:oZizB8wyG_jcFPCHGqjGhzJenMAS9XNX',1477467484307,'{\"cookie\":{\"maxage\":1800000,\"path\":\"/\",\"httpOnly\":true,\"rewrite\":true,\"signed\":true,\"overwrite\":true},\"user\":{\"name\":\"lastshrek\",\"email\":\"lastshrek@foxmail.com\"}}'),
	('poche:PaQ2Lpn_OfPcqtP4ZCe6uta6FEf3y0Wo',1477994183633,'{\"cookie\":{\"maxage\":1800000,\"path\":\"/\",\"httpOnly\":true,\"rewrite\":true,\"signed\":true,\"overwrite\":true},\"user\":{\"name\":\"lastshrek\",\"email\":\"lastshrek@foxmail.com\"}}'),
	('poche:PhTmCKzgr4yp0hPnlSO9H55RgZOaWby8',1478072737988,'{\"cookie\":{\"maxage\":1800000,\"path\":\"/\",\"httpOnly\":true,\"rewrite\":true,\"signed\":true,\"overwrite\":true},\"user\":{\"name\":\"lastshrek\",\"email\":\"lastshrek@foxmail.com\"}}'),
	('poche:PuXWcLzwJZOUSgw0NWwFjisYd78upWBJ',1477571053368,'{\"cookie\":{\"maxage\":1800000,\"path\":\"/\",\"httpOnly\":true,\"rewrite\":true,\"signed\":true,\"overwrite\":true},\"user\":{\"name\":\"lastshrek\",\"email\":\"lastshrek@foxmail.com\"}}'),
	('poche:pxSNTQFdSc1VRthgREochNGY6jk-U6Lh',1477539506312,'{\"cookie\":{\"maxage\":1800000,\"path\":\"/\",\"httpOnly\":true,\"rewrite\":true,\"signed\":true,\"overwrite\":true},\"user\":{\"name\":\"lastshrek\",\"email\":\"lastshrek@foxmail.com\"}}'),
	('poche:QfdlWweQ3yrvUeamrzc4MW36XVFCHJAE',1477988297596,'{\"cookie\":{\"maxage\":1800000,\"path\":\"/\",\"httpOnly\":true,\"rewrite\":true,\"signed\":true,\"overwrite\":true},\"user\":{\"name\":\"lastshrek\",\"email\":\"lastshrek@foxmail.com\"}}'),
	('poche:qMVv0XxdufckdY4qP5sYVnkohjCFZwuC',1477385097436,'{\"cookie\":{\"maxage\":1800000,\"path\":\"/\",\"httpOnly\":true,\"rewrite\":true,\"signed\":true,\"overwrite\":true},\"user\":{\"name\":\"lastshrek\",\"email\":\"lastshrek@foxmail.com\"}}'),
	('poche:rIfQeYdVB0JdF4T-UUUxEfIiqiQxlu-F',1477990136888,'{\"cookie\":{\"maxage\":1800000,\"path\":\"/\",\"httpOnly\":true,\"rewrite\":true,\"signed\":true,\"overwrite\":true},\"user\":{\"name\":\"lastshrek\",\"email\":\"lastshrek@foxmail.com\"}}'),
	('poche:rx0BTC5VeH2TE4AE59DOFGzGqhjdlyd_',1477906526446,'{\"cookie\":{\"maxage\":1800000,\"path\":\"/\",\"httpOnly\":true,\"rewrite\":true,\"signed\":true,\"overwrite\":true},\"user\":{\"name\":\"lastshrek\",\"email\":\"lastshrek@foxmail.com\"}}'),
	('poche:sOl-ufcwgCKq_EMKuqVyW8Ifz2zfW9GQ',1477566320889,'{\"cookie\":{\"maxage\":1800000,\"path\":\"/\",\"httpOnly\":true,\"rewrite\":true,\"signed\":true,\"overwrite\":true},\"user\":{\"name\":\"lastshrek\",\"email\":\"lastshrek@foxmail.com\"}}'),
	('poche:TSOdQ4j6DyKVSXEloXgqgVM8rya78J9J',1478056322099,'{\"cookie\":{\"maxage\":1800000,\"path\":\"/\",\"httpOnly\":true,\"rewrite\":true,\"signed\":true,\"overwrite\":true},\"user\":{\"name\":\"lastshrek\",\"email\":\"lastshrek@foxmail.com\"}}'),
	('poche:UfOV1us79Cmn8Wcqvr83b8VExTbXvKLT',1477032784860,'{\"cookie\":{\"maxage\":1800000,\"path\":\"/\",\"httpOnly\":true,\"rewrite\":true,\"signed\":true,\"overwrite\":true},\"user\":{\"name\":\"lastshrek\",\"email\":\"lastshrek@foxmail.com\"}}'),
	('poche:uhBvhyQVeRmjPiMZ-xyM0Vgshjryr6kG',1477896778354,'{\"cookie\":{\"maxage\":1800000,\"path\":\"/\",\"httpOnly\":true,\"rewrite\":true,\"signed\":true,\"overwrite\":true},\"user\":{\"name\":\"lastshrek\",\"email\":\"lastshrek@foxmail.com\"}}'),
	('poche:UPFCaxwJS-dKmWBT33_IfD-PCoviibbD',1476966611922,'{\"cookie\":{\"maxage\":null,\"path\":\"/\",\"httpOnly\":true,\"rewrite\":true,\"signed\":true,\"overwrite\":true},\"user\":{\"name\":\"lastshrek\",\"email\":\"lastshrek@foxmail.com\"}}'),
	('poche:vBds7p7N0UACpeChWRlFin5_FeCDhLL9',1477628905393,'{\"cookie\":{\"maxage\":1800000,\"path\":\"/\",\"httpOnly\":true,\"rewrite\":true,\"signed\":true,\"overwrite\":true},\"user\":{\"name\":\"lastshrek\",\"email\":\"lastshrek@foxmail.com\"}}'),
	('poche:VCg7ovh_AZQjdApAj1jKCwijkfOgB2LH',1477386996887,'{\"cookie\":{\"maxage\":1800000,\"path\":\"/\",\"httpOnly\":true,\"rewrite\":true,\"signed\":true,\"overwrite\":true},\"user\":{\"name\":\"lastshrek\",\"email\":\"lastshrek@foxmail.com\"}}'),
	('poche:vqekL59PS5Per05185Hlh-Ux99ZAE5uU',1478060209958,'{\"cookie\":{\"maxage\":1800000,\"path\":\"/\",\"httpOnly\":true,\"rewrite\":true,\"signed\":true,\"overwrite\":true},\"user\":{\"name\":\"lastshrek\",\"email\":\"lastshrek@foxmail.com\"}}'),
	('poche:VZHProm78stGEt12WJNUBfiI_znbnxpb',1477980624976,'{\"cookie\":{\"maxage\":1800000,\"path\":\"/\",\"httpOnly\":true,\"rewrite\":true,\"signed\":true,\"overwrite\":true},\"user\":{\"name\":\"lastshrek\",\"email\":\"lastshrek@foxmail.com\"}}'),
	('poche:wNIuqvHf5gH__9b0pGrLd_4ByRIGEYoM',1477969849576,'{\"cookie\":{\"maxage\":1800000,\"path\":\"/\",\"httpOnly\":true,\"rewrite\":true,\"signed\":true,\"overwrite\":true},\"user\":{\"name\":\"lastshrek\",\"email\":\"lastshrek@foxmail.com\"}}'),
	('poche:XBC6Mh4Ek99AWRAD2zqTpPOqNf7fRqWG',1476968534670,'{\"cookie\":{\"maxage\":1800000,\"path\":\"/\",\"httpOnly\":true,\"rewrite\":true,\"signed\":true,\"overwrite\":true},\"user\":{\"name\":\"lastshrek\",\"email\":\"lastshrek@foxmail.com\"}}'),
	('poche:xS8eCiZn6-HjjbjjZm6GFbJOkMQQUXVp',1477127185708,'{\"cookie\":{\"maxage\":1800000,\"path\":\"/\",\"httpOnly\":true,\"rewrite\":true,\"signed\":true,\"overwrite\":true},\"user\":{\"name\":\"lastshrek\",\"email\":\"lastshrek@foxmail.com\"}}'),
	('poche:XxFw1fsC_QS6GKXSe7bIE5DxPsu7W2Dx',1476966614163,'{\"cookie\":{\"maxage\":1800000,\"path\":\"/\",\"httpOnly\":true,\"rewrite\":true,\"signed\":true,\"overwrite\":true},\"user\":{\"name\":\"lastshrek\",\"email\":\"lastshrek@foxmail.com\"}}'),
	('poche:y0Wjvc3ghdV_N5uknMfagCYhnjM6IqiZ',1477465599074,'{\"cookie\":{\"maxage\":1800000,\"path\":\"/\",\"httpOnly\":true,\"rewrite\":true,\"signed\":true,\"overwrite\":true},\"user\":{\"name\":\"lastshrek\",\"email\":\"lastshrek@foxmail.com\"}}'),
	('poche:YaNyc9sXzqatUvdHk-lRB0lUH1h2dP9X',1477842638760,'{\"cookie\":{\"maxage\":1800000,\"path\":\"/\",\"httpOnly\":true,\"rewrite\":true,\"signed\":true,\"overwrite\":true},\"user\":{\"name\":\"lastshrek\",\"email\":\"lastshrek@foxmail.com\"}}'),
	('poche:YHVb0jvPzTQikF2AaVeZoMouXXvL0mD7',1477898741826,'{\"cookie\":{\"maxage\":1800000,\"path\":\"/\",\"httpOnly\":true,\"rewrite\":true,\"signed\":true,\"overwrite\":true},\"user\":{\"name\":\"lastshrek\",\"email\":\"lastshrek@foxmail.com\"}}'),
	('poche:ZcKiCQbO7IZ0fYahAY9O64IA79tODLCp',1477461106793,'{\"cookie\":{\"maxage\":1800000,\"path\":\"/\",\"httpOnly\":true,\"rewrite\":true,\"signed\":true,\"overwrite\":true},\"user\":{\"name\":\"lastshrek\",\"email\":\"lastshrek@foxmail.com\"}}'),
	('poche:zljBsAQ6f6xrNC4t381K7hUyDI9P6Ynu',1478077264732,'{\"cookie\":{\"maxage\":1800000,\"path\":\"/\",\"httpOnly\":true,\"rewrite\":true,\"signed\":true,\"overwrite\":true},\"user\":{\"name\":\"lastshrek\",\"email\":\"lastshrek@foxmail.com\"}}'),
	('poche:ZwsOzSStnuDMX5aH3Z2SqvQCyY1DqOg4',1478089920659,'{\"cookie\":{\"maxage\":1800000,\"path\":\"/\",\"httpOnly\":true,\"rewrite\":true,\"signed\":true,\"overwrite\":true},\"user\":{\"name\":\"lastshrek\",\"email\":\"lastshrek@foxmail.com\"}}');

/*!40000 ALTER TABLE `_mysql_session_store` ENABLE KEYS */;
UNLOCK TABLES;


# Dump of table article_tracks
# ------------------------------------------------------------

DROP TABLE IF EXISTS `article_tracks`;

CREATE TABLE `article_tracks` (
  `article_id` int(11) DEFAULT NULL,
  `track_id` int(11) NOT NULL AUTO_INCREMENT,
  PRIMARY KEY (`track_id`)
) ENGINE=InnoDB AUTO_INCREMENT=550 DEFAULT CHARSET=utf8;

LOCK TABLES `article_tracks` WRITE;
/*!40000 ALTER TABLE `article_tracks` DISABLE KEYS */;

INSERT INTO `article_tracks` (`article_id`, `track_id`)
VALUES
	(19,1),
	(19,2),
	(19,3),
	(19,4),
	(19,5),
	(19,6),
	(19,7),
	(19,8),
	(19,9),
	(19,10),
	(19,11),
	(19,12),
	(19,13),
	(19,14),
	(19,15),
	(19,16),
	(19,17),
	(19,18),
	(19,19),
	(19,20),
	(18,21),
	(18,22),
	(18,23),
	(18,24),
	(18,25),
	(18,26),
	(18,27),
	(18,28),
	(18,29),
	(18,30),
	(18,31),
	(18,32),
	(18,33),
	(18,34),
	(18,35),
	(18,36),
	(18,37),
	(18,38),
	(18,39),
	(18,40),
	(17,41),
	(17,42),
	(17,43),
	(17,44),
	(17,45),
	(17,46),
	(17,47),
	(17,48),
	(17,49),
	(17,50),
	(17,51),
	(17,52),
	(17,53),
	(17,54),
	(17,55),
	(17,56),
	(17,57),
	(17,58),
	(17,59),
	(17,60),
	(17,61),
	(16,62),
	(16,63),
	(16,64),
	(16,65),
	(16,66),
	(16,67),
	(16,68),
	(16,69),
	(16,70),
	(16,71),
	(16,72),
	(16,73),
	(16,74),
	(16,75),
	(16,76),
	(16,77),
	(16,78),
	(16,79),
	(16,80),
	(16,81),
	(16,82),
	(16,83),
	(16,84),
	(16,85),
	(16,86),
	(16,87),
	(16,88),
	(16,89),
	(16,90),
	(16,91),
	(15,92),
	(15,93),
	(15,94),
	(15,95),
	(15,96),
	(15,97),
	(15,98),
	(15,99),
	(15,100),
	(15,101),
	(15,102),
	(15,103),
	(15,104),
	(15,105),
	(15,106),
	(15,107),
	(15,108),
	(15,109),
	(15,110),
	(15,111),
	(15,112),
	(15,113),
	(15,114),
	(15,115),
	(15,116),
	(15,117),
	(15,118),
	(15,119),
	(15,120),
	(15,121),
	(14,122),
	(14,123),
	(14,124),
	(14,125),
	(14,126),
	(14,127),
	(14,128),
	(14,129),
	(14,130),
	(14,131),
	(14,132),
	(14,133),
	(14,134),
	(14,135),
	(14,136),
	(14,137),
	(14,138),
	(14,139),
	(14,140),
	(14,141),
	(14,142),
	(14,143),
	(14,144),
	(14,145),
	(14,146),
	(14,147),
	(14,148),
	(14,149),
	(14,150),
	(14,151),
	(14,152),
	(13,153),
	(13,154),
	(13,155),
	(13,156),
	(13,157),
	(13,158),
	(13,159),
	(13,160),
	(13,161),
	(13,162),
	(13,163),
	(13,164),
	(13,165),
	(13,166),
	(13,167),
	(13,168),
	(13,169),
	(13,170),
	(13,171),
	(13,172),
	(13,173),
	(13,174),
	(13,175),
	(13,176),
	(13,177),
	(13,178),
	(13,179),
	(13,180),
	(13,181),
	(13,182),
	(13,183),
	(13,184),
	(13,185),
	(13,186),
	(13,187),
	(13,188),
	(13,189),
	(13,190),
	(13,191),
	(13,192),
	(13,193),
	(13,194),
	(13,195),
	(13,196),
	(13,197),
	(13,198),
	(13,199),
	(13,200),
	(13,201),
	(13,202),
	(13,203),
	(13,204),
	(13,205),
	(13,206),
	(13,207),
	(13,208),
	(13,209),
	(13,210),
	(13,211),
	(13,212),
	(13,213),
	(13,214),
	(13,215),
	(13,216),
	(13,217),
	(13,218),
	(13,219),
	(13,220),
	(13,221),
	(13,222),
	(13,223),
	(13,224),
	(13,225),
	(13,226),
	(13,227),
	(13,228),
	(13,229),
	(13,230),
	(13,231),
	(13,232),
	(13,233),
	(13,234),
	(13,235),
	(13,236),
	(13,237),
	(13,238),
	(13,239),
	(13,240),
	(13,241),
	(13,242),
	(13,243),
	(13,244),
	(13,245),
	(13,246),
	(13,247),
	(13,248),
	(13,249),
	(13,250),
	(13,251),
	(13,252),
	(13,253),
	(13,254),
	(13,255),
	(12,256),
	(12,257),
	(12,258),
	(12,259),
	(12,260),
	(12,261),
	(12,262),
	(12,263),
	(12,264),
	(12,265),
	(12,266),
	(12,267),
	(12,268),
	(12,269),
	(12,270),
	(12,271),
	(12,272),
	(12,273),
	(11,274),
	(11,275),
	(11,276),
	(11,277),
	(11,278),
	(11,279),
	(11,280),
	(11,281),
	(11,282),
	(11,283),
	(11,284),
	(11,285),
	(11,286),
	(10,287),
	(10,288),
	(10,289),
	(10,290),
	(10,291),
	(10,292),
	(10,293),
	(10,294),
	(10,295),
	(10,296),
	(10,297),
	(9,298),
	(9,299),
	(9,300),
	(9,301),
	(9,302),
	(9,303),
	(9,304),
	(9,305),
	(9,306),
	(9,307),
	(9,308),
	(9,309),
	(9,310),
	(9,311),
	(9,312),
	(9,313),
	(9,314),
	(9,315),
	(9,316),
	(9,317),
	(9,318),
	(9,319),
	(9,320),
	(9,321),
	(9,322),
	(9,323),
	(9,324),
	(9,325),
	(9,326),
	(9,327),
	(9,328),
	(8,329),
	(8,330),
	(8,331),
	(8,332),
	(8,333),
	(8,334),
	(8,335),
	(8,336),
	(8,337),
	(8,338),
	(7,339),
	(7,340),
	(7,341),
	(7,342),
	(7,343),
	(7,344),
	(7,345),
	(7,346),
	(7,347),
	(7,348),
	(7,349),
	(7,350),
	(7,351),
	(7,352),
	(7,353),
	(7,354),
	(7,355),
	(7,356),
	(7,357),
	(7,358),
	(7,359),
	(7,360),
	(6,361),
	(6,362),
	(6,363),
	(6,364),
	(6,365),
	(6,366),
	(6,367),
	(6,368),
	(6,369),
	(6,370),
	(6,371),
	(6,372),
	(6,373),
	(6,374),
	(6,375),
	(6,376),
	(6,377),
	(6,378),
	(6,379),
	(6,380),
	(6,381),
	(6,382),
	(6,383),
	(6,384),
	(6,385),
	(6,386),
	(6,387),
	(6,388),
	(6,389),
	(6,390),
	(6,391),
	(6,392),
	(6,393),
	(6,394),
	(6,395),
	(6,396),
	(6,397),
	(6,398),
	(6,399),
	(6,400),
	(6,401),
	(6,402),
	(6,403),
	(6,404),
	(6,405),
	(6,406),
	(6,407),
	(6,408),
	(6,409),
	(6,410),
	(6,411),
	(6,412),
	(5,413),
	(5,414),
	(5,415),
	(5,416),
	(5,417),
	(5,418),
	(5,419),
	(5,420),
	(5,421),
	(5,422),
	(5,423),
	(5,424),
	(5,425),
	(5,426),
	(5,427),
	(5,428),
	(5,429),
	(5,430),
	(5,431),
	(5,432),
	(5,433),
	(5,434),
	(5,435),
	(5,436),
	(5,437),
	(5,438),
	(5,439),
	(5,440),
	(5,441),
	(5,442),
	(5,443),
	(5,444),
	(5,445),
	(4,446),
	(4,447),
	(4,448),
	(4,449),
	(4,450),
	(4,451),
	(4,452),
	(4,453),
	(4,454),
	(4,455),
	(4,456),
	(4,457),
	(4,458),
	(4,459),
	(4,460),
	(4,461),
	(4,462),
	(4,463),
	(4,464),
	(4,465),
	(4,466),
	(4,467),
	(4,468),
	(4,469),
	(4,470),
	(4,471),
	(4,472),
	(4,473),
	(4,474),
	(4,475),
	(4,476),
	(4,477),
	(4,478),
	(4,479),
	(4,480),
	(4,481),
	(4,482),
	(4,483),
	(4,484),
	(4,485),
	(3,486),
	(3,487),
	(3,488),
	(3,489),
	(3,490),
	(3,491),
	(3,492),
	(3,493),
	(3,494),
	(3,495),
	(2,496),
	(2,497),
	(2,498),
	(2,499),
	(2,500),
	(2,501),
	(2,502),
	(2,503),
	(2,504),
	(2,505),
	(1,506),
	(1,507),
	(1,508),
	(1,509),
	(1,510),
	(1,511),
	(1,512),
	(1,513),
	(1,514),
	(1,515),
	(1,516),
	(1,517),
	(1,518),
	(1,519),
	(1,520),
	(1,521),
	(1,522),
	(1,523),
	(1,524),
	(1,525),
	(20,526),
	(20,527),
	(21,528),
	(21,529),
	(22,530),
	(22,531),
	(23,532),
	(23,533),
	(24,534),
	(24,535),
	(24,536),
	(24,537),
	(24,538),
	(24,539),
	(25,540),
	(25,541),
	(25,542),
	(25,543),
	(25,544),
	(25,545),
	(25,546),
	(25,547),
	(25,548),
	(25,549);

/*!40000 ALTER TABLE `article_tracks` ENABLE KEYS */;
UNLOCK TABLES;


# Dump of table playlists
# ------------------------------------------------------------

DROP TABLE IF EXISTS `playlists`;

CREATE TABLE `playlists` (
  `article_id` int(11) NOT NULL AUTO_INCREMENT,
  `article_title` varchar(255) NOT NULL,
  `article_type` tinyint(1) NOT NULL COMMENT '0:精选,1:专辑',
  `article_content` text,
  `article_cover` varchar(255) NOT NULL,
  `article_songs` int(11) DEFAULT '0',
  `old_id` int(11) DEFAULT '0',
  `is_ready` tinyint(1) NOT NULL DEFAULT '0',
  PRIMARY KEY (`article_id`)
) ENGINE=InnoDB AUTO_INCREMENT=26 DEFAULT CHARSET=utf8;

LOCK TABLES `playlists` WRITE;
/*!40000 ALTER TABLE `playlists` DISABLE KEYS */;

INSERT INTO `playlists` (`article_id`, `article_title`, `article_type`, `article_content`, `article_cover`, `article_songs`, `old_id`, `is_ready`)
VALUES
	(1,'JESS GLYNNE - I CRY WHEN I LAUGH (DELUXE)',0,'一开口 就是冠军！ 地表最强、全世界最会唱歌的冠军製造姬！ 主唱Clean Bandit红遍全球冠军曲','http://lastshrek.b0.upaiyun.com/2015/JessGlynne-ICryWhenILaugh/cover.png',0,1535,0),
	(2,'金玟岐 - 完美世界',0,'十年幕后，一鸣惊人，当红艺人御用制作人变身超人气唱作新星 12支demo千万次试听，炼出人生第一张全创作大碟','http://lastshrek.b0.upaiyun.com/2015/jinwenqi-wanmeishijie/cover.png',0,1539,0),
	(3,'西楼 - 动情祭',0,'假如浪漫是一种罪 有两个字是至高刑罚','http://lastshrek.b0.upaiyun.com/2015/xilou-dongqingji/cover.png',0,1543,0),
	(4,'破车推荐2015年9月号',0,'牛逼就这么吹出去了','http://lastshrek.b0.upaiyun.com/2015/201509/cover.png',0,1545,0),
	(5,'破车推荐2015年10月号',0,'bb你妹','http://lastshrek.b0.upaiyun.com/2015/201510/cover.png',0,1546,0),
	(6,'破车推荐2015年11月号',0,'不想bb','http://lastshrek.b0.upaiyun.com/2015/201511/cover.png',0,1547,0),
	(7,'Ellie Goulding - Delirium',1,'EllieGoulding-Delirium','http://lastshrek.b0.upaiyun.com/2015/EllieGoulding-Delirium/cover.png',0,1548,0),
	(8,'Mr.Lonely Part1',0,'无可比比','http://lastshrek.b0.upaiyun.com/2015/MrLonely1/cover.png',0,1549,0),
	(9,'破车推荐2015年12月号',0,'就不bb','http://lastshrek.b0.upaiyun.com/2015/201512/cover.png',0,1550,0),
	(10,'Adele - 25',1,'不逼逼','http://lastshrek.b0.upaiyun.com/2015/adele-25/cover.png',0,1551,0),
	(11,'Alessia Cara - Know-It-All',1,'不bb','http://lastshrek.b0.upaiyun.com/2015/alessiacara-knowitall/cover.png',0,1552,0),
	(12,'林俊杰 - 和自己对话',1,'不bb','http://lastshrek.b0.upaiyun.com/2015/jj-frommetomyself/cover.png',0,1553,0),
	(13,'2014 - 2015年终精选',0,'不逼逼','http://lastshrek.b0.upaiyun.com/collections/2014/cover.png',0,1555,0),
	(14,'破车推荐2016年1月号',0,'不bb','http://lastshrek.b0.upaiyun.com/2016/01/cover.png',0,1560,0),
	(15,'破车推荐2016年2月号',0,'暂无','http://lastshrek.b0.upaiyun.com/2016/02/cover.png',0,1565,0),
	(16,'破车推荐2016年3月号',0,'no','http://lastshrek.b0.upaiyun.com/2016/03/cover.png',0,1570,0),
	(17,'破车推荐2016年4月号',0,'不bb','http://lastshrek.b0.upaiyun.com/2016/04/cover.png',0,1571,1),
	(18,'破车推荐2016年5月号',0,'不bb','http://lastshrek.b0.upaiyun.com/2016/05/cover.png',0,1582,0),
	(19,'破车推荐2016年6月号',0,'不bb','http://lastshrek.b0.upaiyun.com/2016/06/cover.png',0,1584,0),
	(20,'测试',0,'<blockquote>\n<p>一二三四五</p>\n</blockquote>\n','123cover.png',2,0,1),
	(21,'test',0,'<p>fdafad</p>\n','ddddcover.png',2,0,1),
	(22,'test',0,'<p>fdafad</p>\n','ddddcover.png',2,0,1),
	(23,'test',0,'<p>fdafad</p>\n','ddddcover.png',2,0,1),
	(24,'今天',1,'<blockquote>\n<p>测试</p>\n</blockquote>\n','llllllcover.png',6,0,1),
	(25,'周杰伦的床边故事',1,'<blockquote>\n<p>周杰伦的床边故事</p>\n</blockquote>\n','123/cover.png',10,0,1);

/*!40000 ALTER TABLE `playlists` ENABLE KEYS */;
UNLOCK TABLES;


# Dump of table tracks
# ------------------------------------------------------------

DROP TABLE IF EXISTS `tracks`;

CREATE TABLE `tracks` (
  `track_id` int(20) NOT NULL AUTO_INCREMENT,
  `track_name` text NOT NULL,
  `track_artist` varchar(255) NOT NULL,
  `track_cover` varchar(255) NOT NULL,
  `track_url` varchar(255) NOT NULL,
  `track_lrc` text,
  `track_lrc_cn` text,
  `album` varchar(255) DEFAULT NULL,
  PRIMARY KEY (`track_id`)
) ENGINE=InnoDB AUTO_INCREMENT=550 DEFAULT CHARSET=utf8;

LOCK TABLES `tracks` WRITE;
/*!40000 ALTER TABLE `tracks` DISABLE KEYS */;

INSERT INTO `tracks` (`track_id`, `track_name`, `track_artist`, `track_cover`, `track_url`, `track_lrc`, `track_lrc_cn`, `album`)
VALUES
	(1,'Lucky One','EXO','http://lastshrek.b0.upaiyun.com/2016/06/01.jpg','http://lastshrek.b0.upaiyun.com/2016/06/01.mp3','','','破车推荐2016年6月号'),
	(2,'Colors (Stripped)','Halsey','http://lastshrek.b0.upaiyun.com/2016/06/02.jpg','http://lastshrek.b0.upaiyun.com/2016/06/02.mp3',NULL,NULL,'破车推荐2016年6月号'),
	(3,'WILD','Troye Sivan / Alessia Cara','http://lastshrek.b0.upaiyun.com/2016/06/03.jpg','http://lastshrek.b0.upaiyun.com/2016/06/03.mp3',NULL,NULL,'破车推荐2016年6月号'),
	(4,'Locked Away','OutaMatic / Maddie Wilson / Madilyn Paige','http://lastshrek.b0.upaiyun.com/2016/06/04.jpg','http://lastshrek.b0.upaiyun.com/2016/06/04.mp3',NULL,NULL,'破车推荐2016年6月号'),
	(5,'夏の思い出','BENI','http://lastshrek.b0.upaiyun.com/2016/06/05.jpg','http://lastshrek.b0.upaiyun.com/2016/06/05.mp3',NULL,NULL,'破车推荐2016年6月号'),
	(6,'Girls Like','Tinie Tempah / Zara Larsson','http://lastshrek.b0.upaiyun.com/2016/06/06.jpg','http://lastshrek.b0.upaiyun.com/2016/06/06.mp3',NULL,NULL,'破车推荐2016年6月号'),
	(7,'Too Good','Drake / Rihanna','http://lastshrek.b0.upaiyun.com/2016/06/07.jpg','http://lastshrek.b0.upaiyun.com/2016/06/07.mp3',NULL,NULL,'破车推荐2016年6月号'),
	(8,'Little Numbers','Boy','http://lastshrek.b0.upaiyun.com/2016/06/08.jpg','http://lastshrek.b0.upaiyun.com/2016/06/08.mp3',NULL,NULL,'破车推荐2016年6月号'),
	(9,'Broken Drum','Cash Cash / Fitz / the Tantrums','http://lastshrek.b0.upaiyun.com/2016/06/09.jpg','http://lastshrek.b0.upaiyun.com/2016/06/09.mp3',NULL,NULL,'破车推荐2016年6月号'),
	(10,'Breathe (Original Mix)','EMBRZ','http://lastshrek.b0.upaiyun.com/2016/06/10.jpg','http://lastshrek.b0.upaiyun.com/2016/06/10.mp3',NULL,NULL,'破车推荐2016年6月号'),
	(11,'Warm on a Cold Night (The Lonely Players Club) [gnash & 4e Remix]','Honne / gnash / 4e','http://lastshrek.b0.upaiyun.com/2016/06/11.jpg','http://lastshrek.b0.upaiyun.com/2016/06/11.mp3',NULL,NULL,'破车推荐2016年6月号'),
	(12,'This Girl (Kungs Vs. Cookin\' On 3 Burners)','Kungs / Cookin\' On 3 Burners','http://lastshrek.b0.upaiyun.com/2016/06/12.jpg','http://lastshrek.b0.upaiyun.com/2016/06/12.mp3',NULL,NULL,'破车推荐2016年6月号'),
	(13,'Hair','Little Mix / Sean Paul','http://lastshrek.b0.upaiyun.com/2016/06/13.jpg','http://lastshrek.b0.upaiyun.com/2016/06/13.mp3',NULL,NULL,'破车推荐2016年6月号'),
	(14,'Loveseat','Hannah Georgas','http://lastshrek.b0.upaiyun.com/2016/06/14.jpg','http://lastshrek.b0.upaiyun.com/2016/06/14.mp3',NULL,NULL,'破车推荐2016年6月号'),
	(15,'Superstar','Pitbull / Becky G','http://lastshrek.b0.upaiyun.com/2016/06/15.jpg','http://lastshrek.b0.upaiyun.com/2016/06/15.mp3',NULL,NULL,'破车推荐2016年6月号'),
	(16,'Body Say','Demi Lovato','http://lastshrek.b0.upaiyun.com/2016/06/16.jpg','http://lastshrek.b0.upaiyun.com/2016/06/16.mp3',NULL,NULL,'破车推荐2016年6月号'),
	(17,'Cry','SIGMA / Take That','http://lastshrek.b0.upaiyun.com/2016/06/17.jpg','http://lastshrek.b0.upaiyun.com/2016/06/17.mp3',NULL,NULL,'破车推荐2016年6月号'),
	(18,'Just A Taste','Tinashé','http://lastshrek.b0.upaiyun.com/2016/06/18.jpg','http://lastshrek.b0.upaiyun.com/2016/06/18.mp3',NULL,NULL,'破车推荐2016年6月号'),
	(19,'Bullet','Chelsea Lankes','http://lastshrek.b0.upaiyun.com/2016/06/19.jpg','http://lastshrek.b0.upaiyun.com/2016/06/19.mp3',NULL,NULL,'破车推荐2016年6月号'),
	(20,'Recovery','BROODS','http://lastshrek.b0.upaiyun.com/2016/06/20.jpg','http://lastshrek.b0.upaiyun.com/2016/06/20.mp3',NULL,NULL,'破车推荐2016年6月号'),
	(21,'China-P','我是爱音乐的徐梦圆','http://lastshrek.b0.upaiyun.com/2016/05/01.jpg','http://lastshrek.b0.upaiyun.com/2016/05/01.mp3',NULL,NULL,'破车推荐2016年5月号'),
	(22,'Dirty Mind (Audio Addicts Remix)','Flo Rida','http://lastshrek.b0.upaiyun.com/2016/05/02.jpg','http://lastshrek.b0.upaiyun.com/2016/05/02.mp3',NULL,NULL,'破车推荐2016年5月号'),
	(23,'Streetcar','Daniel Caesar','http://lastshrek.b0.upaiyun.com/2016/05/03.jpg','http://lastshrek.b0.upaiyun.com/2016/05/03.mp3',NULL,NULL,'破车推荐2016年5月号'),
	(24,'All I Wanna Do','Martin Jensen','http://lastshrek.b0.upaiyun.com/2016/05/04.jpg','http://lastshrek.b0.upaiyun.com/2016/05/04.mp3',NULL,NULL,'破车推荐2016年5月号'),
	(25,'Missing？','Emme Packer','http://lastshrek.b0.upaiyun.com/2016/05/05.jpg','http://lastshrek.b0.upaiyun.com/2016/05/05.mp3',NULL,NULL,'破车推荐2016年5月号'),
	(26,'La La Land (Original Mix)','DVBBS / Shaun Frank / Delaney Jane','http://lastshrek.b0.upaiyun.com/2016/05/06.jpg','http://lastshrek.b0.upaiyun.com/2016/05/06.mp3',NULL,NULL,'破车推荐2016年5月号'),
	(27,'Go Now','Adam Levine','http://lastshrek.b0.upaiyun.com/2016/05/07.jpg','http://lastshrek.b0.upaiyun.com/2016/05/07.mp3',NULL,NULL,'破车推荐2016年5月号'),
	(28,'Skin','Boy','http://lastshrek.b0.upaiyun.com/2016/05/08.jpg','http://lastshrek.b0.upaiyun.com/2016/05/08.mp3',NULL,NULL,'破车推荐2016年5月号'),
	(29,'Back on the Wall','Greyson Chance','http://lastshrek.b0.upaiyun.com/2016/05/09.jpg','http://lastshrek.b0.upaiyun.com/2016/05/09.mp3',NULL,NULL,'破车推荐2016年5月号'),
	(30,'Mrs. Potato Head','Melanie Martinez','http://lastshrek.b0.upaiyun.com/2016/05/10.jpg','http://lastshrek.b0.upaiyun.com/2016/05/10.mp3',NULL,NULL,'破车推荐2016年5月号'),
	(31,'The River','Jordan Feliz','http://lastshrek.b0.upaiyun.com/2016/05/11.jpg','http://lastshrek.b0.upaiyun.com/2016/05/11.mp3',NULL,NULL,'破车推荐2016年5月号'),
	(32,'All My Friends','Snakehips / Tinashé / Chance The Rapper','http://lastshrek.b0.upaiyun.com/2016/05/12.jpg','http://lastshrek.b0.upaiyun.com/2016/05/12.mp3',NULL,NULL,'破车推荐2016年5月号'),
	(33,'Care (Extended Mix)','R3hab / Felix Snow / Madi','http://lastshrek.b0.upaiyun.com/2016/05/13.jpg','http://lastshrek.b0.upaiyun.com/2016/05/13.mp3',NULL,NULL,'破车推荐2016年5月号'),
	(34,'The Last Ones Standing','Tep No','http://lastshrek.b0.upaiyun.com/2016/05/14.jpg','http://lastshrek.b0.upaiyun.com/2016/05/14.mp3',NULL,NULL,'破车推荐2016年5月号'),
	(35,'Pillows','Lido / Santell','http://lastshrek.b0.upaiyun.com/2016/05/15.jpg','http://lastshrek.b0.upaiyun.com/2016/05/15.mp3',NULL,NULL,'破车推荐2016年5月号'),
	(36,'Spirits','The Strumbellas','http://lastshrek.b0.upaiyun.com/2016/05/16.jpg','http://lastshrek.b0.upaiyun.com/2016/05/16.mp3',NULL,NULL,'破车推荐2016年5月号'),
	(37,'This Is What You Came For','Calvin Harris / Rihanna','http://lastshrek.b0.upaiyun.com/2016/05/17.jpg','http://lastshrek.b0.upaiyun.com/2016/05/17.mp3',NULL,NULL,'破车推荐2016年5月号'),
	(38,'Up&Up (Radio Edit)','Coldplay','http://lastshrek.b0.upaiyun.com/2016/05/18.jpg','http://lastshrek.b0.upaiyun.com/2016/05/18.mp3',NULL,NULL,'破车推荐2016年5月号'),
	(39,'3 AM','Cellars','http://lastshrek.b0.upaiyun.com/2016/05/19.jpg','http://lastshrek.b0.upaiyun.com/2016/05/19.mp3',NULL,NULL,'破车推荐2016年5月号'),
	(40,'Send My Love (To Your New Lover)','Adele','http://lastshrek.b0.upaiyun.com/2016/05/20.jpg','http://lastshrek.b0.upaiyun.com/2016/05/20.mp3',NULL,NULL,'破车推荐2016年5月号'),
	(41,'Guitar Track (Sam Feldt Remix)','Sander Van Doorn / Firebeatz','http://lastshrek.b0.upaiyun.com/2016/04/01.jpg','http://lastshrek.b0.upaiyun.com/2016/04/01.mp3',NULL,NULL,'破车推荐2016年4月号'),
	(42,'How To Love (Original Mix)','Cash Cash / Sofia Reyes','http://lastshrek.b0.upaiyun.com/2016/04/02.jpg','http://lastshrek.b0.upaiyun.com/2016/04/02.mp3',NULL,NULL,'破车推荐2016年4月号'),
	(43,'Better Together','Us The Duo','http://lastshrek.b0.upaiyun.com/2016/04/03.jpg','http://lastshrek.b0.upaiyun.com/2016/04/03.mp3',NULL,NULL,'破车推荐2016年4月号'),
	(44,'No Sleep for the Dreamer','Boy','http://lastshrek.b0.upaiyun.com/2016/04/04.jpg','http://lastshrek.b0.upaiyun.com/2016/04/04.mp3',NULL,NULL,'破车推荐2016年4月号'),
	(45,'Stay Gold','大橋トリオ','http://lastshrek.b0.upaiyun.com/2016/04/05.jpg','http://lastshrek.b0.upaiyun.com/2016/04/05.mp3',NULL,NULL,'破车推荐2016年4月号'),
	(46,'Please Don\'t Go','Joel Adams','http://lastshrek.b0.upaiyun.com/2016/04/06.jpg','http://lastshrek.b0.upaiyun.com/2016/04/06.mp3',NULL,NULL,'破车推荐2016年4月号'),
	(47,'Best Is Yet To Come','Luvbug','http://lastshrek.b0.upaiyun.com/2016/04/07.jpg','http://lastshrek.b0.upaiyun.com/2016/04/07.mp3',NULL,NULL,'破车推荐2016年4月号'),
	(48,'Tears','Clean Bandit / Louisa Johnson','http://lastshrek.b0.upaiyun.com/2016/04/08.jpg','http://lastshrek.b0.upaiyun.com/2016/04/08.mp3',NULL,NULL,'破车推荐2016年4月号'),
	(49,'Hold On','Roosevelt','http://lastshrek.b0.upaiyun.com/2016/04/09.jpg','http://lastshrek.b0.upaiyun.com/2016/04/09.mp3',NULL,NULL,'破车推荐2016年4月号'),
	(50,'Raise Hell','DOROTHY','http://lastshrek.b0.upaiyun.com/2016/04/10.jpg','http://lastshrek.b0.upaiyun.com/2016/04/10.mp3',NULL,NULL,'破车推荐2016年4月号'),
	(51,'The Climb','Coeur de Pirate','http://lastshrek.b0.upaiyun.com/2016/04/11.jpg','http://lastshrek.b0.upaiyun.com/2016/04/11.mp3',NULL,NULL,'破车推荐2016年4月号'),
	(52,'Raging','Kygo / Kodaline','http://lastshrek.b0.upaiyun.com/2016/04/12.jpg','http://lastshrek.b0.upaiyun.com/2016/04/12.mp3',NULL,NULL,'破车推荐2016年4月号'),
	(53,'Lil Mama','Jain','http://lastshrek.b0.upaiyun.com/2016/04/13.jpg','http://lastshrek.b0.upaiyun.com/2016/04/13.mp3',NULL,NULL,'破车推荐2016年4月号'),
	(54,'Close Your Eyes','Lil Angel Boi','http://lastshrek.b0.upaiyun.com/2016/04/14.jpg','http://lastshrek.b0.upaiyun.com/2016/04/14.mp3',NULL,NULL,'破车推荐2016年4月号'),
	(55,'The Ocean (Radio Edit)','Mike Perry','http://lastshrek.b0.upaiyun.com/2016/04/15.jpg','http://lastshrek.b0.upaiyun.com/2016/04/15.mp3',NULL,NULL,'破车推荐2016年4月号'),
	(56,'True Colors (Original Mix)','Zedd / Ke$ha','http://lastshrek.b0.upaiyun.com/2016/04/16.jpg','http://lastshrek.b0.upaiyun.com/2016/04/16.mp3',NULL,NULL,'破车推荐2016年4月号'),
	(57,'Crush','Yuna / Usher','http://lastshrek.b0.upaiyun.com/2016/04/17.jpg','http://lastshrek.b0.upaiyun.com/2016/04/17.mp3',NULL,NULL,'破车推荐2016年4月号'),
	(58,'Cheap Thrills','Sia','http://lastshrek.b0.upaiyun.com/2016/04/18.jpg','http://lastshrek.b0.upaiyun.com/2016/04/18.mp3',NULL,NULL,'破车推荐2016年4月号'),
	(59,'Free Fall','The Workday Release','http://lastshrek.b0.upaiyun.com/2016/04/19.jpg','http://lastshrek.b0.upaiyun.com/2016/04/19.mp3',NULL,NULL,'破车推荐2016年4月号'),
	(60,'All the Others','The Coronas','http://lastshrek.b0.upaiyun.com/2016/04/20.jpg','http://lastshrek.b0.upaiyun.com/2016/04/20.mp3',NULL,NULL,'破车推荐2016年4月号'),
	(61,'阿楚姑娘','梁凡','http://lastshrek.b0.upaiyun.com/2016/04/21.jpg','http://lastshrek.b0.upaiyun.com/2016/04/21.mp3',NULL,NULL,'破车推荐2016年4月号'),
	(62,'Vice (Original Mix)','Maiki Vanics','http://lastshrek.b0.upaiyun.com/2016/03/01.jpg','http://lastshrek.b0.upaiyun.com/2016/03/01.mp3',NULL,NULL,'破车推荐2016年3月号'),
	(63,'Wild Horses','Birdy','http://lastshrek.b0.upaiyun.com/2016/03/02.jpg','http://lastshrek.b0.upaiyun.com/2016/03/02.mp3',NULL,NULL,'破车推荐2016年3月号'),
	(64,'NO','Meghan Trainor','http://lastshrek.b0.upaiyun.com/2016/03/03.jpg','http://lastshrek.b0.upaiyun.com/2016/03/03.mp3',NULL,NULL,'破车推荐2016年3月号'),
	(65,'Work (R3hab Remix)','Rihanna / R3hab','http://lastshrek.b0.upaiyun.com/2016/03/04.jpg','http://lastshrek.b0.upaiyun.com/2016/03/04.mp3',NULL,NULL,'破车推荐2016年3月号'),
	(66,'Work from Home','Fifth Harmony / Ty Dolla $ign','http://lastshrek.b0.upaiyun.com/2016/03/05.jpg','http://lastshrek.b0.upaiyun.com/2016/03/05.mp3',NULL,NULL,'破车推荐2016年3月号'),
	(67,'Naughty','Gwen Stefani','http://lastshrek.b0.upaiyun.com/2016/03/06.jpg','http://lastshrek.b0.upaiyun.com/2016/03/06.mp3',NULL,NULL,'破车推荐2016年3月号'),
	(68,'You Won\'t Let Me','Rachael Yamagata','http://lastshrek.b0.upaiyun.com/2016/03/07.jpg','http://lastshrek.b0.upaiyun.com/2016/03/07.mp3',NULL,NULL,'破车推荐2016年3月号'),
	(69,'Dangerous Woman','Ariana Grande','http://lastshrek.b0.upaiyun.com/2016/03/08.jpg','http://lastshrek.b0.upaiyun.com/2016/03/08.mp3',NULL,NULL,'破车推荐2016年3月号'),
	(70,'Too Far','Anna F','http://lastshrek.b0.upaiyun.com/2016/03/09.jpg','http://lastshrek.b0.upaiyun.com/2016/03/09.mp3',NULL,NULL,'破车推荐2016年3月号'),
	(71,'Temple','Baauer / M.I.A. / G-Dragon','http://lastshrek.b0.upaiyun.com/2016/03/10.jpg','http://lastshrek.b0.upaiyun.com/2016/03/10.mp3',NULL,NULL,'破车推荐2016年3月号'),
	(72,'Conqueror','AURORA','http://lastshrek.b0.upaiyun.com/2016/03/11.jpg','http://lastshrek.b0.upaiyun.com/2016/03/11.mp3',NULL,NULL,'破车推荐2016年3月号'),
	(73,'Baby I\'m Yours','Breakbot','http://lastshrek.b0.upaiyun.com/2016/03/12.jpg','http://lastshrek.b0.upaiyun.com/2016/03/12.mp3',NULL,NULL,'破车推荐2016年3月号'),
	(74,'Last Train','Dawn Golden','http://lastshrek.b0.upaiyun.com/2016/03/13.jpg','http://lastshrek.b0.upaiyun.com/2016/03/13.mp3',NULL,NULL,'破车推荐2016年3月号'),
	(75,'Nothing Like This','Blonde / Craig David','http://lastshrek.b0.upaiyun.com/2016/03/14.jpg','http://lastshrek.b0.upaiyun.com/2016/03/14.mp3',NULL,NULL,'破车推荐2016年3月号'),
	(76,'Renaissance (feat. Clairity)','Steve James','http://lastshrek.b0.upaiyun.com/2016/03/15.jpg','http://lastshrek.b0.upaiyun.com/2016/03/15.mp3',NULL,NULL,'破车推荐2016年3月号'),
	(77,'Don\'t Worry About Me','Frances','http://lastshrek.b0.upaiyun.com/2016/03/16.jpg','http://lastshrek.b0.upaiyun.com/2016/03/16.mp3',NULL,NULL,'破车推荐2016年3月号'),
	(78,'Team','Iggy Azalea','http://lastshrek.b0.upaiyun.com/2016/03/17.jpg','http://lastshrek.b0.upaiyun.com/2016/03/17.mp3',NULL,NULL,'破车推荐2016年3月号'),
	(79,'Be Alright','Ariana Grande','http://lastshrek.b0.upaiyun.com/2016/03/08.jpg','http://lastshrek.b0.upaiyun.com/2016/03/18.mp3',NULL,NULL,'破车推荐2016年3月号'),
	(80,'She','Ed Sheeran','http://lastshrek.b0.upaiyun.com/2016/03/19.jpg','http://lastshrek.b0.upaiyun.com/2016/03/19.mp3',NULL,NULL,'破车推荐2016年3月号'),
	(81,'Darlin\'','Emily Hearn','http://lastshrek.b0.upaiyun.com/2016/03/20.jpg','http://lastshrek.b0.upaiyun.com/2016/03/20.mp3',NULL,NULL,'破车推荐2016年3月号'),
	(82,'Hurt Me','Lapsley','http://lastshrek.b0.upaiyun.com/2016/03/21.jpg','http://lastshrek.b0.upaiyun.com/2016/03/21.mp3',NULL,NULL,'破车推荐2016年3月号'),
	(83,'Vampire','Lazyboy Empire','http://lastshrek.b0.upaiyun.com/2016/03/22.jpg','http://lastshrek.b0.upaiyun.com/2016/03/22.mp3',NULL,NULL,'破车推荐2016年3月号'),
	(84,'FOREIGN FRIEND','M.I.A','http://lastshrek.b0.upaiyun.com/2016/03/23.jpg','http://lastshrek.b0.upaiyun.com/2016/03/23.mp3',NULL,NULL,'破车推荐2016年3月号'),
	(85,'Larmes de caramel','Elsa Kopf','http://lastshrek.b0.upaiyun.com/2016/03/24.jpg','http://lastshrek.b0.upaiyun.com/2016/03/24.mp3',NULL,NULL,'破车推荐2016年3月号'),
	(86,'If','丁可','http://lastshrek.b0.upaiyun.com/2016/03/25.jpg','http://lastshrek.b0.upaiyun.com/2016/03/25.mp3',NULL,NULL,'破车推荐2016年3月号'),
	(87,'What If I Go?','Mura Masa','http://lastshrek.b0.upaiyun.com/2016/03/26.jpg','http://lastshrek.b0.upaiyun.com/2016/03/26.mp3',NULL,NULL,'破车推荐2016年3月号'),
	(88,'Half the World Away','AURORA','http://lastshrek.b0.upaiyun.com/2016/03/11.jpg','http://lastshrek.b0.upaiyun.com/2016/03/27.mp3',NULL,NULL,'破车推荐2016年3月号'),
	(89,'Say You Do','Sigala / Imani / DJ Fresh','http://lastshrek.b0.upaiyun.com/2016/03/28.jpg','http://lastshrek.b0.upaiyun.com/2016/03/28.mp3',NULL,NULL,'破车推荐2016年3月号'),
	(90,'春风十里','鹿先森乐队','http://lastshrek.b0.upaiyun.com/2016/03/29.jpg','http://lastshrek.b0.upaiyun.com/2016/03/29.mp3',NULL,NULL,'破车推荐2016年3月号'),
	(91,'Breathe','Lights & Motion','http://lastshrek.b0.upaiyun.com/2016/03/30.jpg','http://lastshrek.b0.upaiyun.com/2016/03/30.mp3',NULL,NULL,'破车推荐2016年3月号'),
	(92,'Making up the World','The Shanghai Restoration Project','http://lastshrek.b0.upaiyun.com/2016/02/01.jpg','http://lastshrek.b0.upaiyun.com/2016/02/01.mp3',NULL,NULL,'破车推荐2016年2月号'),
	(93,'Keeping Your Head Up (Don Diablo Remix)','Birdy','http://lastshrek.b0.upaiyun.com/2016/02/02.jpg','http://lastshrek.b0.upaiyun.com/2016/02/02.mp3',NULL,NULL,'破车推荐2016年2月号'),
	(94,'Happy Little Pill (Live Version)','Troye Sivan','http://lastshrek.b0.upaiyun.com/2016/02/03.jpg','http://lastshrek.b0.upaiyun.com/2016/02/03.mp3',NULL,NULL,'破车推荐2016年2月号'),
	(95,'Fool','BØRNS','http://lastshrek.b0.upaiyun.com/2016/02/04.jpg','http://lastshrek.b0.upaiyun.com/2016/02/04.mp3',NULL,NULL,'破车推荐2016年2月号'),
	(96,'Gold','Kiiara','http://lastshrek.b0.upaiyun.com/2016/02/05.jpg','http://lastshrek.b0.upaiyun.com/2016/02/05.mp3',NULL,NULL,'破车推荐2016年2月号'),
	(97,'Dark Times','The Weeknd / Ed Sheeran','http://lastshrek.b0.upaiyun.com/2016/02/06.jpg','http://lastshrek.b0.upaiyun.com/2016/02/06.mp3',NULL,NULL,'破车推荐2016年2月号'),
	(98,'Stay','Kygo / Maty Noyes','http://lastshrek.b0.upaiyun.com/2016/02/07.jpg','http://lastshrek.b0.upaiyun.com/2016/02/07.mp3',NULL,NULL,'破车推荐2016年2月号'),
	(99,'Me, Myself & I','G-Eazy / Bebe Rexha','http://lastshrek.b0.upaiyun.com/2016/02/08.jpg','http://lastshrek.b0.upaiyun.com/2016/02/08.mp3',NULL,NULL,'破车推荐2016年2月号'),
	(100,'Please, Don\'t Take My Love','Emily Hearn','http://lastshrek.b0.upaiyun.com/2016/02/09.jpg','http://lastshrek.b0.upaiyun.com/2016/02/09.mp3',NULL,NULL,'破车推荐2016年2月号'),
	(101,'Fast Car','Jasmine Thompson','http://lastshrek.b0.upaiyun.com/2016/02/10.jpg','http://lastshrek.b0.upaiyun.com/2016/02/10.mp3',NULL,NULL,'破车推荐2016年2月号'),
	(102,'Light It Up (Remix)','Major Lazer / Nyla /Fuse ODG','http://lastshrek.b0.upaiyun.com/2016/02/11.jpg','http://lastshrek.b0.upaiyun.com/2016/02/11.mp3',NULL,NULL,'破车推荐2016年2月号'),
	(103,'Shortie','Hannah Georgas','http://lastshrek.b0.upaiyun.com/2016/02/12.jpg','http://lastshrek.b0.upaiyun.com/2016/02/12.mp3',NULL,NULL,'破车推荐2016年2月号'),
	(104,'Somebody Else','The 1975','http://lastshrek.b0.upaiyun.com/2016/02/13.jpg','http://lastshrek.b0.upaiyun.com/2016/02/13.mp3',NULL,NULL,'破车推荐2016年2月号'),
	(105,'Too Late For Lullabies','James Morrison','http://lastshrek.b0.upaiyun.com/2016/02/14.jpg','http://lastshrek.b0.upaiyun.com/2016/02/14.mp3',NULL,NULL,'破车推荐2016年2月号'),
	(106,'Not-Boyfriend','美','http://lastshrek.b0.upaiyun.com/2016/02/15.jpg','http://lastshrek.b0.upaiyun.com/2016/02/15.mp3',NULL,NULL,'破车推荐2016年2月号'),
	(107,'Shoop','Junkie XL','http://lastshrek.b0.upaiyun.com/2016/02/16.jpg','http://lastshrek.b0.upaiyun.com/2016/02/16.mp3',NULL,NULL,'破车推荐2016年2月号'),
	(108,'Our Youth','Sonny Alven','http://lastshrek.b0.upaiyun.com/2016/02/17.jpg','http://lastshrek.b0.upaiyun.com/2016/02/17.mp3',NULL,NULL,'破车推荐2016年2月号'),
	(109,'The Other','Lauv','http://lastshrek.b0.upaiyun.com/2016/02/18.jpg','http://lastshrek.b0.upaiyun.com/2016/02/18.mp3',NULL,NULL,'破车推荐2016年2月号'),
	(110,'Teenagers','Macy Gray','http://lastshrek.b0.upaiyun.com/2016/02/19.jpg','http://lastshrek.b0.upaiyun.com/2016/02/19.mp3',NULL,NULL,'破车推荐2016年2月号'),
	(111,'I Miss You','Mamamoo','http://lastshrek.b0.upaiyun.com/2016/02/20.jpg','http://lastshrek.b0.upaiyun.com/2016/02/20.mp3',NULL,NULL,'破车推荐2016年2月号'),
	(112,'Let You Go','WEKNOWNOTHING','http://lastshrek.b0.upaiyun.com/2016/02/21.jpg','http://lastshrek.b0.upaiyun.com/2016/02/21.mp3',NULL,NULL,'破车推荐2016年2月号'),
	(113,'Slipping','Eryn Allen Kane','http://lastshrek.b0.upaiyun.com/2016/02/22.jpg','http://lastshrek.b0.upaiyun.com/2016/02/22.mp3',NULL,NULL,'破车推荐2016年2月号'),
	(114,'Hey (Radio Edit)','Afrojack','http://lastshrek.b0.upaiyun.com/2016/02/23.jpg','http://lastshrek.b0.upaiyun.com/2016/02/23.mp3',NULL,NULL,'破车推荐2016年2月号'),
	(115,'Cake By The Ocean','DNCE','http://lastshrek.b0.upaiyun.com/2016/02/24.jpg','http://lastshrek.b0.upaiyun.com/2016/02/24.mp3',NULL,NULL,'破车推荐2016年2月号'),
	(116,'Shiver','Lucy Rose','http://lastshrek.b0.upaiyun.com/2016/02/25.jpg','http://lastshrek.b0.upaiyun.com/2016/02/25.mp3',NULL,NULL,'破车推荐2016年2月号'),
	(117,'Make Me Like You','Gwen Stefani','http://lastshrek.b0.upaiyun.com/2016/02/26.jpg','http://lastshrek.b0.upaiyun.com/2016/02/26.mp3',NULL,NULL,'破车推荐2016年2月号'),
	(118,'Middle','DJ Snake / Bipolar Sunshine','http://lastshrek.b0.upaiyun.com/2016/02/27.jpg','http://lastshrek.b0.upaiyun.com/2016/02/27.mp3',NULL,NULL,'破车推荐2016年2月号'),
	(119,'Don\'t Let Me Down','The Chainsmokers','http://lastshrek.b0.upaiyun.com/2016/02/28.jpg','http://lastshrek.b0.upaiyun.com/2016/02/28.mp3',NULL,NULL,'破车推荐2016年2月号'),
	(120,'If','Elsa Kopf','http://lastshrek.b0.upaiyun.com/2016/02/29.jpg','http://lastshrek.b0.upaiyun.com/2016/02/29.mp3',NULL,NULL,'破车推荐2016年2月号'),
	(121,'Maps (feat. Morgan James)','Scott Bradlee / Postmodern Jukebox','http://lastshrek.b0.upaiyun.com/2016/02/30.jpg','http://lastshrek.b0.upaiyun.com/2016/02/30.mp3',NULL,NULL,'破车推荐2016年2月号'),
	(122,'Dream Away (2nd Room Remix)','2nd Room / Eagle Eye Cherry / Darin','http://lastshrek.b0.upaiyun.com/2016/01/01.jpg','http://lastshrek.b0.upaiyun.com/2016/01/01.mp3',NULL,NULL,'破车推荐2016年1月号'),
	(123,'Lost boy','Ruth B','http://lastshrek.b0.upaiyun.com/2016/01/02.jpg','http://lastshrek.b0.upaiyun.com/2016/01/02.mp3',NULL,NULL,'破车推荐2016年1月号'),
	(124,'Aftertaste','Ellie Goulding','http://lastshrek.b0.upaiyun.com/2015/EllieGoulding-Delirium/cover.jpg','http://lastshrek.b0.upaiyun.com/2015/EllieGoulding-Delirium/02.mp3',NULL,NULL,'破车推荐2016年1月号'),
	(125,'Secret Love Song, Pt. II','Little Mix','http://lastshrek.b0.upaiyun.com/2016/01/04.jpg','http://lastshrek.b0.upaiyun.com/2016/01/04.mp3',NULL,NULL,'破车推荐2016年1月号'),
	(126,'Alone','Dalchong','http://lastshrek.b0.upaiyun.com/2016/01/05.jpg','http://lastshrek.b0.upaiyun.com/2016/01/05.mp3',NULL,NULL,'破车推荐2016年1月号'),
	(127,'Gibberish (feat. Hoodie Allen)','Max Schneider / Hoodie Allen','http://lastshrek.b0.upaiyun.com/2016/01/06.jpg','http://lastshrek.b0.upaiyun.com/2016/01/06.mp3',NULL,NULL,'破车推荐2016年1月号'),
	(128,'Stone','Alessia Cara','http://lastshrek.b0.upaiyun.com/2015/alessiacara-knowitall/cover.jpg','http://lastshrek.b0.upaiyun.com/2015/alessiacara-knowitall/07.mp3',NULL,NULL,'破车推荐2016年1月号'),
	(129,'Who You Lovin','Conrad Sewell','http://lastshrek.b0.upaiyun.com/2016/01/08.jpg','http://lastshrek.b0.upaiyun.com/2016/01/08.mp3',NULL,NULL,'破车推荐2016年1月号'),
	(130,'Dust to Dust','The Civil Wars','http://lastshrek.b0.upaiyun.com/2016/01/09.jpg','http://lastshrek.b0.upaiyun.com/2016/01/09.mp3',NULL,NULL,'破车推荐2016年1月号'),
	(131,'MY TYPE (취향저격)','iKON','http://lastshrek.b0.upaiyun.com/2016/01/10.jpg','http://lastshrek.b0.upaiyun.com/2016/01/10.mp3',NULL,NULL,'破车推荐2016年1月号'),
	(132,'When It Comes To Us (feat. Ritual)','Frances','http://lastshrek.b0.upaiyun.com/2016/01/11.jpg','http://lastshrek.b0.upaiyun.com/2016/01/11.mp3',NULL,NULL,'破车推荐2016年1月号'),
	(133,'Worry','Jack Garratt','http://lastshrek.b0.upaiyun.com/2016/01/12.jpg','http://lastshrek.b0.upaiyun.com/2016/01/12.mp3',NULL,NULL,'破车推荐2016年1月号'),
	(134,'Stay (Vhana Remix)','Vhana / Deadmau5 / Colleen D\'Agostino','http://lastshrek.b0.upaiyun.com/2016/01/13.jpg','http://lastshrek.b0.upaiyun.com/2016/01/13.mp3',NULL,NULL,'破车推荐2016年1月号'),
	(135,'All About That Bass(Postmodern Jukebox European Tour Version)','Casey Abrams / Haley Reinhart / Morgan James','http://lastshrek.b0.upaiyun.com/2016/01/14.jpg','http://lastshrek.b0.upaiyun.com/2016/01/14.mp3',NULL,NULL,'破车推荐2016年1月号'),
	(136,'거짓말이잖아','OBroject / 李玹雨 /Bromance','http://lastshrek.b0.upaiyun.com/2016/01/15.jpg','http://lastshrek.b0.upaiyun.com/2016/01/15.mp3',NULL,NULL,'破车推荐2016年1月号'),
	(137,'Phantom Limb','Yellow Mellow','http://lastshrek.b0.upaiyun.com/2016/01/16.jpg','http://lastshrek.b0.upaiyun.com/2016/01/16.mp3',NULL,NULL,'破车推荐2016年1月号'),
	(138,'Suga Suga','Baby Bash / Frankie J','http://lastshrek.b0.upaiyun.com/2016/01/17.jpg','http://lastshrek.b0.upaiyun.com/2016/01/17.mp3',NULL,NULL,'破车推荐2016年1月号'),
	(139,'Centuries (feat. Juicy J) [Remix]','Fall Out Boy','http://lastshrek.b0.upaiyun.com/2016/01/18.jpg','http://lastshrek.b0.upaiyun.com/2016/01/18.mp3',NULL,NULL,'破车推荐2016年1月号'),
	(140,'Door Number Three','Sara Bareilles','http://lastshrek.b0.upaiyun.com/2016/01/19.jpg','http://lastshrek.b0.upaiyun.com/2016/01/19.mp3',NULL,NULL,'破车推荐2016年1月号'),
	(141,'날이 추워져','郑世珍','http://lastshrek.b0.upaiyun.com/2016/01/20.jpg','http://lastshrek.b0.upaiyun.com/2016/01/20.mp3',NULL,NULL,'破车推荐2016年1月号'),
	(142,'Swing (Win & Woo Remix)','Win & Woo / EVVY','http://lastshrek.b0.upaiyun.com/2016/01/21.jpg','http://lastshrek.b0.upaiyun.com/2016/01/21.mp3',NULL,NULL,'破车推荐2016年1月号'),
	(143,'Forgotten Souls','Our Last Night','http://lastshrek.b0.upaiyun.com/2016/01/22.jpg','http://lastshrek.b0.upaiyun.com/2016/01/22.mp3',NULL,NULL,'破车推荐2016年1月号'),
	(144,'She\'s Crazy but She\'s Mine','Alex Sparrow','http://lastshrek.b0.upaiyun.com/2016/01/23.jpg','http://lastshrek.b0.upaiyun.com/2016/01/23.mp3',NULL,NULL,'破车推荐2016年1月号'),
	(145,'We Are Stars','Alyssa Reid','http://lastshrek.b0.upaiyun.com/2016/01/24.jpg','http://lastshrek.b0.upaiyun.com/2016/01/24.mp3',NULL,NULL,'破车推荐2016年1月号'),
	(146,'TV in Black & White','Lana Del Rey','http://lastshrek.b0.upaiyun.com/2016/01/25.jpg','http://lastshrek.b0.upaiyun.com/2016/01/25.mp3',NULL,NULL,'破车推荐2016年1月号'),
	(147,'Circles','machineheart / Vanic','http://lastshrek.b0.upaiyun.com/2016/01/26.jpg','http://lastshrek.b0.upaiyun.com/2016/01/26.mp3',NULL,NULL,'破车推荐2016年1月号'),
	(148,'White Tiger','Izzy Bizu','http://lastshrek.b0.upaiyun.com/2016/01/27.jpg','http://lastshrek.b0.upaiyun.com/2016/01/27.mp3',NULL,NULL,'破车推荐2016年1月号'),
	(149,'I Don\'t Wanna See You with Her','Maria Mena','http://lastshrek.b0.upaiyun.com/2016/01/28.jpg','http://lastshrek.b0.upaiyun.com/2016/01/28.mp3',NULL,NULL,'破车推荐2016年1月号'),
	(150,'Sorry','Rick Ross / Chris Brown','http://lastshrek.b0.upaiyun.com/2016/01/29.jpg','http://lastshrek.b0.upaiyun.com/2016/01/29.mp3',NULL,NULL,'破车推荐2016年1月号'),
	(151,'Crescent Moon','Marc Evans','http://lastshrek.b0.upaiyun.com/2016/01/30.jpg','http://lastshrek.b0.upaiyun.com/2016/01/30.mp3',NULL,NULL,'破车推荐2016年1月号'),
	(152,'Reprieve','Vallis Alps','http://lastshrek.b0.upaiyun.com/2016/01/31.jpg','http://lastshrek.b0.upaiyun.com/2016/01/31.mp3',NULL,NULL,'破车推荐2016年1月号'),
	(153,'Aurora','JJD','http://lastshrek.b0.upaiyun.com/collections/2014/01.jpg','http://lastshrek.b0.upaiyun.com/collections/2014/01.mp3',NULL,NULL,'2014 - 2015年终精选'),
	(154,'Hold My Hand','Jess Glynne','http://lastshrek.b0.upaiyun.com/2015/JessGlynne-ICryWhenILaugh/cover.jpg','http://lastshrek.b0.upaiyun.com/2015/JessGlynne-ICryWhenILaugh/03.mp3',NULL,NULL,'2014 - 2015年终精选'),
	(155,'Hold Back the River','James Bay','http://lastshrek.b0.upaiyun.com/collections/2014/03.jpg','http://lastshrek.b0.upaiyun.com/collections/2014/03.mp3',NULL,NULL,'2014 - 2015年终精选'),
	(156,'Changing (feat. Paloma Faith) [Goldsmyth Edition]','SIGMA','http://lastshrek.b0.upaiyun.com/collections/2014/04.jpg','http://lastshrek.b0.upaiyun.com/collections/2014/04.mp3',NULL,NULL,'2014 - 2015年终精选'),
	(157,'She Treats Me Well','Ben Howard','http://lastshrek.b0.upaiyun.com/collections/2014/05.jpg','http://lastshrek.b0.upaiyun.com/collections/2014/05.mp3',NULL,NULL,'2014 - 2015年终精选'),
	(158,'Wake','Hillsong Young And Free','http://lastshrek.b0.upaiyun.com/collections/2014/06.jpg','http://lastshrek.b0.upaiyun.com/collections/2014/06.mp3',NULL,NULL,'2014 - 2015年终精选'),
	(159,'Problem (Acoustic)','Tyler Ward','http://lastshrek.b0.upaiyun.com/collections/2014/07.jpg','http://lastshrek.b0.upaiyun.com/collections/2014/07.mp3',NULL,NULL,'2014 - 2015年终精选'),
	(160,'Surrender (Tritonal Remix)','Cash Cash','http://lastshrek.b0.upaiyun.com/collections/2014/08.jpg','http://lastshrek.b0.upaiyun.com/collections/2014/08.mp3',NULL,NULL,'2014 - 2015年终精选'),
	(161,'Stitches','Shawn Mendes','http://lastshrek.b0.upaiyun.com/collections/2014/09.jpg','http://lastshrek.b0.upaiyun.com/collections/2014/09.mp3',NULL,NULL,'2014 - 2015年终精选'),
	(162,'演员','薛之谦','http://lastshrek.b0.upaiyun.com/collections/2014/10.jpg','http://lastshrek.b0.upaiyun.com/collections/2014/10.mp3',NULL,NULL,'2014 - 2015年终精选'),
	(163,'Ain\'t Got Far To Go','Jess Glynne','http://lastshrek.b0.upaiyun.com/2015/JessGlynne-ICryWhenILaugh/cover.jpg','http://lastshrek.b0.upaiyun.com/2015/JessGlynne-ICryWhenILaugh/05.mp3',NULL,NULL,'2014 - 2015年终精选'),
	(164,'I\'m Not OK','Trent Dabbs','http://lastshrek.b0.upaiyun.com/collections/2014/12.jpg','http://lastshrek.b0.upaiyun.com/collections/2014/12.mp3',NULL,NULL,'2014 - 2015年终精选'),
	(165,'Five Hours','Deorro','http://lastshrek.b0.upaiyun.com/collections/2014/13.jpg','http://lastshrek.b0.upaiyun.com/collections/2014/13.mp3',NULL,NULL,'2014 - 2015年终精选'),
	(166,'Five More Hours','Deorro / Chris Brown','http://lastshrek.b0.upaiyun.com/collections/2014/14.jpg','http://lastshrek.b0.upaiyun.com/collections/2014/14.mp3',NULL,NULL,'2014 - 2015年终精选'),
	(167,'Girl Crush','Little Big Town','http://lastshrek.b0.upaiyun.com/collections/2014/15.jpg','http://lastshrek.b0.upaiyun.com/collections/2014/15.mp3',NULL,NULL,'2014 - 2015年终精选'),
	(168,'Lean On','Major Lazer','http://lastshrek.b0.upaiyun.com/collections/2014/16.jpg','http://lastshrek.b0.upaiyun.com/collections/2014/16.mp3',NULL,NULL,'2014 - 2015年终精选'),
	(169,'Wild Child','Elen Levon','http://lastshrek.b0.upaiyun.com/collections/2014/17.jpg','http://lastshrek.b0.upaiyun.com/collections/2014/17.mp3',NULL,NULL,'2014 - 2015年终精选'),
	(170,'Rivers','Thomas Jack','http://lastshrek.b0.upaiyun.com/collections/2014/18.jpg','http://lastshrek.b0.upaiyun.com/collections/2014/18.mp3',NULL,NULL,'2014 - 2015年终精选'),
	(171,'Cheerleader','OMI','http://lastshrek.b0.upaiyun.com/collections/2014/19.jpg','http://lastshrek.b0.upaiyun.com/collections/2014/19.mp3',NULL,NULL,'2014 - 2015年终精选'),
	(172,'Cheerleader','Pentatonix','http://lastshrek.b0.upaiyun.com/collections/2014/20.jpg','http://lastshrek.b0.upaiyun.com/collections/2014/20.mp3',NULL,NULL,'2014 - 2015年终精选'),
	(173,'Ink','Coldplay','http://lastshrek.b0.upaiyun.com/collections/2014/21.jpg','http://lastshrek.b0.upaiyun.com/collections/2014/21.mp3',NULL,NULL,'2014 - 2015年终精选'),
	(174,'云','卡奇社','http://lastshrek.b0.upaiyun.com/collections/2014/22.jpg','http://lastshrek.b0.upaiyun.com/collections/2014/22.mp3',NULL,NULL,'2014 - 2015年终精选'),
	(175,'Second Hand Heart','Ben Haenow / Kelly Clarkson','http://lastshrek.b0.upaiyun.com/2015/201511/04.jpg','http://lastshrek.b0.upaiyun.com/2015/201511/04.mp3',NULL,NULL,'2014 - 2015年终精选'),
	(176,'Lose Myself To Loving You','Joanne Shaw Taylor','http://lastshrek.b0.upaiyun.com/collections/2014/24.jpg','http://lastshrek.b0.upaiyun.com/collections/2014/24.mp3',NULL,NULL,'2014 - 2015年终精选'),
	(177,'I Don\'t Want to Go to Bed','Simple Plan / Nelly','http://lastshrek.b0.upaiyun.com/2015/201511/02.jpg','http://lastshrek.b0.upaiyun.com/2015/201511/02.mp3',NULL,NULL,'2014 - 2015年终精选'),
	(178,'Shine','Felix Jaehn','http://lastshrek.b0.upaiyun.com/collections/2014/26.jpg','http://lastshrek.b0.upaiyun.com/collections/2014/26.mp3',NULL,NULL,'2014 - 2015年终精选'),
	(179,'Words (Jacoo Remix)','Jacoo','http://lastshrek.b0.upaiyun.com/collections/2014/27.jpg','http://lastshrek.b0.upaiyun.com/collections/2014/27.mp3',NULL,NULL,'2014 - 2015年终精选'),
	(180,'Sugar (Remix)','Maroon 5','http://lastshrek.b0.upaiyun.com/collections/2014/28.jpg','http://lastshrek.b0.upaiyun.com/collections/2014/28.mp3',NULL,NULL,'2014 - 2015年终精选'),
	(181,'I Took A Pill In Ibiza (SeeB Remix)','SeeB','http://lastshrek.b0.upaiyun.com/collections/2014/29.jpg','http://lastshrek.b0.upaiyun.com/collections/2014/29.mp3',NULL,NULL,'2014 - 2015年终精选'),
	(182,'Believe','Mumford & Sons','http://lastshrek.b0.upaiyun.com/collections/2014/30.jpg','http://lastshrek.b0.upaiyun.com/collections/2014/30.mp3',NULL,NULL,'2014 - 2015年终精选'),
	(183,'Easy Love','Sigala','http://lastshrek.b0.upaiyun.com/collections/2014/31.jpg','http://lastshrek.b0.upaiyun.com/collections/2014/31.mp3',NULL,NULL,'2014 - 2015年终精选'),
	(184,'默','那英','http://lastshrek.b0.upaiyun.com/collections/2014/32.jpg','http://lastshrek.b0.upaiyun.com/collections/2014/32.mp3',NULL,NULL,'2014 - 2015年终精选'),
	(185,'Gave Me Something','Jess Glynne','http://lastshrek.b0.upaiyun.com/2015/JessGlynne-ICryWhenILaugh/cover.jpg','http://lastshrek.b0.upaiyun.com/2015/JessGlynne-ICryWhenILaugh/02.mp3',NULL,NULL,'2014 - 2015年终精选'),
	(186,'That Isn\'t You','Sofi de la Torre','http://lastshrek.b0.upaiyun.com/collections/2014/34.jpg','http://lastshrek.b0.upaiyun.com/collections/2014/34.mp3',NULL,NULL,'2014 - 2015年终精选'),
	(187,'Talking Body','Tove Lo','http://lastshrek.b0.upaiyun.com/collections/2014/35.jpg','http://lastshrek.b0.upaiyun.com/collections/2014/35.mp3',NULL,NULL,'2014 - 2015年终精选'),
	(188,'Something Big','Shawn Mendes','http://lastshrek.b0.upaiyun.com/collections/2014/36.jpg','http://lastshrek.b0.upaiyun.com/collections/2014/36.mp3',NULL,NULL,'2014 - 2015年终精选'),
	(189,'Where the Sun Goes (Future Extended Mix)','Redfoo','http://lastshrek.b0.upaiyun.com/collections/2014/37.jpg','http://lastshrek.b0.upaiyun.com/collections/2014/37.mp3',NULL,NULL,'2014 - 2015年终精选'),
	(190,'Locked Away','Rock City','http://lastshrek.b0.upaiyun.com/collections/2014/38.jpg','http://lastshrek.b0.upaiyun.com/collections/2014/38.mp3',NULL,NULL,'2014 - 2015年终精选'),
	(191,'Coming Up Roses','Keira Knightley','http://lastshrek.b0.upaiyun.com/collections/2014/39.jpg','http://lastshrek.b0.upaiyun.com/collections/2014/39.mp3',NULL,NULL,'2014 - 2015年终精选'),
	(192,'No More','Glowie / Stony ','http://lastshrek.b0.upaiyun.com/collections/2014/40.jpg','http://lastshrek.b0.upaiyun.com/collections/2014/40.mp3',NULL,NULL,'2014 - 2015年终精选'),
	(193,'Bad Dream','Chloe Howl','http://lastshrek.b0.upaiyun.com/2015/201509/05.jpg','http://lastshrek.b0.upaiyun.com/collections/2014/41.mp3',NULL,NULL,'2014 - 2015年终精选'),
	(194,'装修','金玟岐','http://lastshrek.b0.upaiyun.com/2015/jinwenqi-wanmeishijie/cover.jpg','http://lastshrek.b0.upaiyun.com/2015/jinwenqi-wanmeishijie/05.mp3',NULL,NULL,'2014 - 2015年终精选'),
	(195,'Sally (Radio Edit)','Hardwell / Harrison','http://lastshrek.b0.upaiyun.com/collections/2014/43.jpg','http://lastshrek.b0.upaiyun.com/collections/2014/43.mp3',NULL,NULL,'2014 - 2015年终精选'),
	(196,'Let It Go','James Bay','http://lastshrek.b0.upaiyun.com/collections/2014/44.jpg','http://lastshrek.b0.upaiyun.com/collections/2014/44.mp3',NULL,NULL,'2014 - 2015年终精选'),
	(197,'Sugar','Robin Schulz','http://lastshrek.b0.upaiyun.com/collections/2014/45.jpg','http://lastshrek.b0.upaiyun.com/collections/2014/45.mp3',NULL,NULL,'2014 - 2015年终精选'),
	(198,'Late to the Party','Kacey Musgraves','http://lastshrek.b0.upaiyun.com/collections/2014/46.jpg','http://lastshrek.b0.upaiyun.com/collections/2014/46.mp3',NULL,NULL,'2014 - 2015年终精选'),
	(199,'The Original High','Adam Lambert','http://lastshrek.b0.upaiyun.com/collections/2014/47.jpg','http://lastshrek.b0.upaiyun.com/collections/2014/47.mp3',NULL,NULL,'2014 - 2015年终精选'),
	(200,'Home to Mama','Justin Bieber / Cody Simpson','http://lastshrek.b0.upaiyun.com/collections/2014/48.jpg','http://lastshrek.b0.upaiyun.com/collections/2014/48.mp3',NULL,NULL,'2014 - 2015年终精选'),
	(201,'Uptown Funk','Mark Ronson / Bruno Mars','http://lastshrek.b0.upaiyun.com/collections/2014/49.jpg','http://lastshrek.b0.upaiyun.com/collections/2014/49.mp3',NULL,NULL,'2014 - 2015年终精选'),
	(202,'Like I\'m Gonna Lose You','Meghan Trainor','http://lastshrek.b0.upaiyun.com/collections/2014/50.jpg','http://lastshrek.b0.upaiyun.com/collections/2014/50.mp3',NULL,NULL,'2014 - 2015年终精选'),
	(203,'I Don\'t Like It, I Love It (feat. Robin Thicke & Verdine White)','Flo Rida / Robin Thicke / Verdine White ','http://lastshrek.b0.upaiyun.com/collections/2014/51.jpg','http://lastshrek.b0.upaiyun.com/collections/2014/51.mp3',NULL,NULL,'2014 - 2015年终精选'),
	(204,'어깨','昭宥 / 权正烈','http://lastshrek.b0.upaiyun.com/collections/2014/52.jpg','http://lastshrek.b0.upaiyun.com/collections/2014/52.mp3',NULL,NULL,'2014 - 2015年终精选'),
	(205,'I\'m In Love With a Monster','Fifth Harmony','http://lastshrek.b0.upaiyun.com/collections/2014/53.jpg','http://lastshrek.b0.upaiyun.com/collections/2014/53.mp3',NULL,NULL,'2014 - 2015年终精选'),
	(206,'Burning House','Cam','http://lastshrek.b0.upaiyun.com/collections/2014/54.jpg','http://lastshrek.b0.upaiyun.com/collections/2014/54.mp3',NULL,NULL,'2014 - 2015年终精选'),
	(207,'I Don\'t Mind','Usher / Juicy J','http://lastshrek.b0.upaiyun.com/collections/2014/55.jpg','http://lastshrek.b0.upaiyun.com/collections/2014/55.mp3',NULL,NULL,'2014 - 2015年终精选'),
	(208,'Take Me Home','Jess Glynne','http://lastshrek.b0.upaiyun.com/collections/2014/56.jpg','http://lastshrek.b0.upaiyun.com/collections/2014/56.mp3',NULL,NULL,'2014 - 2015年终精选'),
	(209,'Immortals','Fall Out Boy','http://lastshrek.b0.upaiyun.com/collections/2014/57.jpg','http://lastshrek.b0.upaiyun.com/collections/2014/57.mp3',NULL,NULL,'2014 - 2015年终精选'),
	(210,'Nobody Love','Tori Kelly','http://lastshrek.b0.upaiyun.com/collections/2014/58.jpg','http://lastshrek.b0.upaiyun.com/collections/2014/58.mp3',NULL,NULL,'2014 - 2015年终精选'),
	(211,'Dreams','Beck','http://lastshrek.b0.upaiyun.com/collections/2014/59.jpg','http://lastshrek.b0.upaiyun.com/collections/2014/59.mp3',NULL,NULL,'2014 - 2015年终精选'),
	(212,'Say You Love Me','Kenichiro Nishihara','http://lastshrek.b0.upaiyun.com/collections/2014/60.jpg','http://lastshrek.b0.upaiyun.com/collections/2014/60.mp3',NULL,NULL,'2014 - 2015年终精选'),
	(213,'On My Mind','Ellie Goulding','http://lastshrek.b0.upaiyun.com/collections/2014/61.jpg','http://lastshrek.b0.upaiyun.com/collections/2014/61.mp3',NULL,NULL,'2014 - 2015年终精选'),
	(214,'情歌2(live版)','刘润洁','http://lastshrek.b0.upaiyun.com/collections/2014/62.jpg','http://lastshrek.b0.upaiyun.com/collections/2014/62.mp3',NULL,NULL,'2014 - 2015年终精选'),
	(215,'Afraid of the Dark','MKTO','http://lastshrek.b0.upaiyun.com/collections/2014/63.jpg','http://lastshrek.b0.upaiyun.com/collections/2014/63.mp3',NULL,NULL,'2014 - 2015年终精选'),
	(216,'Bed of Lies','Nicki Minaj / Skylar Grey','http://lastshrek.b0.upaiyun.com/collections/2014/64.jpg','http://lastshrek.b0.upaiyun.com/collections/2014/64.mp3',NULL,NULL,'2014 - 2015年终精选'),
	(217,'Fire Meet Gasoline','Sia','http://lastshrek.b0.upaiyun.com/collections/2014/65.jpg','http://lastshrek.b0.upaiyun.com/collections/2014/65.mp3',NULL,NULL,'2014 - 2015年终精选'),
	(218,'Bad Intension','Niykee Heaton','http://lastshrek.b0.upaiyun.com/collections/2014/66.jpg','http://lastshrek.b0.upaiyun.com/collections/2014/66.mp3',NULL,NULL,'2014 - 2015年终精选'),
	(219,'John Cougar, John Deere, John 3_16','Keith Urban','http://lastshrek.b0.upaiyun.com/collections/2014/67.jpg','http://lastshrek.b0.upaiyun.com/collections/2014/67.mp3',NULL,NULL,'2014 - 2015年终精选'),
	(220,'Bad Blood','Taylor Swift','http://lastshrek.b0.upaiyun.com/collections/2014/68.jpg','http://lastshrek.b0.upaiyun.com/collections/2014/68.mp3',NULL,NULL,'2014 - 2015年终精选'),
	(221,'Black Magic','Little Mix','http://lastshrek.b0.upaiyun.com/collections/2014/69.jpg','http://lastshrek.b0.upaiyun.com/collections/2014/69.mp3',NULL,NULL,'2014 - 2015年终精选'),
	(222,'Flower','Cody Simpson','http://lastshrek.b0.upaiyun.com/collections/2014/70.jpg','http://lastshrek.b0.upaiyun.com/collections/2014/70.mp3',NULL,NULL,'2014 - 2015年终精选'),
	(223,'Ghost (Lost Kings Remix)','Halsey','http://lastshrek.b0.upaiyun.com/collections/2014/71.jpg','http://lastshrek.b0.upaiyun.com/collections/2014/71.mp3',NULL,NULL,'2014 - 2015年终精选'),
	(224,'Off-Road','东方神起','http://lastshrek.b0.upaiyun.com/collections/2014/72.jpg','http://lastshrek.b0.upaiyun.com/collections/2014/72.mp3',NULL,NULL,'2014 - 2015年终精选'),
	(225,'Back Together','Robin Thicke','http://lastshrek.b0.upaiyun.com/collections/2014/73.jpg','http://lastshrek.b0.upaiyun.com/collections/2014/73.mp3',NULL,NULL,'2014 - 2015年终精选'),
	(226,'Make It Rain (from Sons of Anarchy)','Ed Sheeran','http://lastshrek.b0.upaiyun.com/collections/2014/74.jpg','http://lastshrek.b0.upaiyun.com/collections/2014/74.mp3',NULL,NULL,'2014 - 2015年终精选'),
	(227,'Not Letting Go','Tinie Tempah','http://lastshrek.b0.upaiyun.com/collections/2014/75.jpg','http://lastshrek.b0.upaiyun.com/collections/2014/75.mp3',NULL,NULL,'2014 - 2015年终精选'),
	(228,'Monsters','Katie Sky','http://lastshrek.b0.upaiyun.com/collections/2014/76.jpg','http://lastshrek.b0.upaiyun.com/collections/2014/76.mp3',NULL,NULL,'2014 - 2015年终精选'),
	(229,'Rumors','Jake Miller','http://lastshrek.b0.upaiyun.com/collections/2014/77.jpg','http://lastshrek.b0.upaiyun.com/collections/2014/77.mp3',NULL,NULL,'2014 - 2015年终精选'),
	(230,'Don\'t Be a Stranger','Lunik','http://lastshrek.b0.upaiyun.com/collections/2014/78.jpg','http://lastshrek.b0.upaiyun.com/collections/2014/78.mp3',NULL,NULL,'2014 - 2015年终精选'),
	(231,'Valentino','Diane Birch','http://lastshrek.b0.upaiyun.com/collections/2014/79.jpg','http://lastshrek.b0.upaiyun.com/collections/2014/79.mp3',NULL,NULL,'2014 - 2015年终精选'),
	(232,'Here','Alessia','http://lastshrek.b0.upaiyun.com/2015/alessiacara-knowitall/cover.jpg','http://lastshrek.b0.upaiyun.com/collections/2014/80.mp3',NULL,NULL,'2014 - 2015年终精选'),
	(233,'Waiting for Love','Avicii','http://lastshrek.b0.upaiyun.com/collections/2014/81.jpg','http://lastshrek.b0.upaiyun.com/collections/2014/81.mp3',NULL,NULL,'2014 - 2015年终精选'),
	(234,'Waiting For Love (Prinston & Astrid S Acoustic Version)','Avicii','http://lastshrek.b0.upaiyun.com/collections/2014/82.jpg','http://lastshrek.b0.upaiyun.com/collections/2014/82.mp3',NULL,NULL,'2014 - 2015年终精选'),
	(235,'若水','西楼','http://lastshrek.b0.upaiyun.com/2015/xilou-dongqingji/cover.jpg','http://lastshrek.b0.upaiyun.com/collections/2014/83.mp3',NULL,NULL,'2014 - 2015年终精选'),
	(236,'Lips Are Movin','Meghan Trainor','http://lastshrek.b0.upaiyun.com/collections/2014/84.jpg','http://lastshrek.b0.upaiyun.com/collections/2014/84.mp3',NULL,NULL,'2014 - 2015年终精选'),
	(237,'Better Off Without You','Aquilo','http://lastshrek.b0.upaiyun.com/collections/2014/85.jpg','http://lastshrek.b0.upaiyun.com/collections/2014/85.mp3',NULL,NULL,'2014 - 2015年终精选'),
	(238,'Love Me Like You Do (From \'\'Fifty Shades of Grey\'\')','Ellie Goulding','http://lastshrek.b0.upaiyun.com/collections/2014/86.jpg','http://lastshrek.b0.upaiyun.com/collections/2014/86.mp3',NULL,NULL,'2014 - 2015年终精选'),
	(239,'Love Myself','Hailee Steinfeld','http://lastshrek.b0.upaiyun.com/collections/2014/87.jpg','http://lastshrek.b0.upaiyun.com/collections/2014/87.mp3',NULL,NULL,'2014 - 2015年终精选'),
	(240,'Only Love (Acoustic)','PVRIS','http://lastshrek.b0.upaiyun.com/collections/2014/88.jpg','http://lastshrek.b0.upaiyun.com/collections/2014/88.mp3',NULL,NULL,'2014 - 2015年终精选'),
	(241,'Are You With Me (Radio Edit)','Lost Frequencies','http://lastshrek.b0.upaiyun.com/collections/2014/89.jpg','http://lastshrek.b0.upaiyun.com/collections/2014/89.mp3',NULL,NULL,'2014 - 2015年终精选'),
	(242,'Somebody','Natalie La Rose','http://lastshrek.b0.upaiyun.com/collections/2014/90.jpg','http://lastshrek.b0.upaiyun.com/collections/2014/90.mp3',NULL,NULL,'2014 - 2015年终精选'),
	(243,'Earned It','The Weeknd','http://lastshrek.b0.upaiyun.com/collections/2014/91.jpg','http://lastshrek.b0.upaiyun.com/collections/2014/91.mp3',NULL,NULL,'2014 - 2015年终精选'),
	(244,'What Do You Mean?','Justin Bieber','http://lastshrek.b0.upaiyun.com/2015/201509/25.jpg','http://lastshrek.b0.upaiyun.com/collections/2014/92.mp3',NULL,NULL,'2014 - 2015年终精选'),
	(245,'I','태연','http://lastshrek.b0.upaiyun.com/2015/201511/16.jpg','http://lastshrek.b0.upaiyun.com/collections/2014/93.mp3',NULL,NULL,'2014 - 2015年终精选'),
	(246,'Time of Our Lives','Pitbull / Ne-Yo','http://lastshrek.b0.upaiyun.com/collections/2014/94.jpg','http://lastshrek.b0.upaiyun.com/collections/2014/94.mp3',NULL,NULL,'2014 - 2015年终精选'),
	(247,'Marvin Gaye','Charlie Puth','http://lastshrek.b0.upaiyun.com/collections/2014/95.jpg','http://lastshrek.b0.upaiyun.com/collections/2014/95.mp3',NULL,NULL,'2014 - 2015年终精选'),
	(248,'I Really Like You (Blasterjaxx Remix)','BLASTERJAXX','http://lastshrek.b0.upaiyun.com/collections/2014/96.jpg','http://lastshrek.b0.upaiyun.com/collections/2014/96.mp3',NULL,NULL,'2014 - 2015年终精选'),
	(249,'The Only Thing Worth Fighting For (From The HBO Series True Detective)','Lera Lynn','http://lastshrek.b0.upaiyun.com/collections/2014/97.jpg','http://lastshrek.b0.upaiyun.com/collections/2014/97.mp3',NULL,NULL,'2014 - 2015年终精选'),
	(250,'Open Season','Josef Salvat','http://lastshrek.b0.upaiyun.com/collections/2014/98.jpg','http://lastshrek.b0.upaiyun.com/collections/2014/98.mp3',NULL,NULL,'2014 - 2015年终精选'),
	(251,'Hello','Adele','http://lastshrek.b0.upaiyun.com/2015/adele-25/cover.jpg','http://lastshrek.b0.upaiyun.com/collections/2014/99.mp3',NULL,NULL,'2014 - 2015年终精选'),
	(252,'Do It Again','Pia Mia','http://lastshrek.b0.upaiyun.com/collections/2014/100.jpg','http://lastshrek.b0.upaiyun.com/collections/2014/100.mp3',NULL,NULL,'2014 - 2015年终精选'),
	(253,'See You Again (feat. Charlie Puth)','Wiz Khalifa / Charlie Puth','http://lastshrek.b0.upaiyun.com/collections/2014/101.jpg','http://lastshrek.b0.upaiyun.com/collections/2014/101.mp3',NULL,NULL,'2014 - 2015年终精选'),
	(254,'Already Gone','Sleeping at Last','http://lastshrek.b0.upaiyun.com/collections/2014/102.jpg','http://lastshrek.b0.upaiyun.com/collections/2014/102.mp3',NULL,NULL,'2014 - 2015年终精选'),
	(255,'That\'s How You Know','Nico / Vinz','http://lastshrek.b0.upaiyun.com/collections/2014/103.jpg','http://lastshrek.b0.upaiyun.com/collections/2014/103.mp3',NULL,NULL,'2014 - 2015年终精选'),
	(256,'序曲：调音','林俊杰','http://lastshrek.b0.upaiyun.com/2015/jj-frommetomyself/cover.jpg','http://lastshrek.b0.upaiyun.com/2015/jj-frommetomyself/01.mp3',NULL,NULL,'林俊杰 - 和自己对话'),
	(257,'不为谁而作的歌','林俊杰','http://lastshrek.b0.upaiyun.com/2015/jj-frommetomyself/cover.jpg','http://lastshrek.b0.upaiyun.com/2015/jj-frommetomyself/02.mp3',NULL,NULL,'林俊杰 - 和自己对话'),
	(258,'序曲：中场休息','林俊杰','http://lastshrek.b0.upaiyun.com/2015/jj-frommetomyself/cover.jpg','http://lastshrek.b0.upaiyun.com/2015/jj-frommetomyself/03.mp3',NULL,NULL,'林俊杰 - 和自己对话'),
	(259,'关键词','林俊杰','http://lastshrek.b0.upaiyun.com/2015/jj-frommetomyself/cover.jpg','http://lastshrek.b0.upaiyun.com/2015/jj-frommetomyself/04.mp3',NULL,NULL,'林俊杰 - 和自己对话'),
	(260,'只要有你的地方 (晚安版)','林俊杰','http://lastshrek.b0.upaiyun.com/2015/jj-frommetomyself/cover.jpg','http://lastshrek.b0.upaiyun.com/2015/jj-frommetomyself/05.mp3',NULL,NULL,'林俊杰 - 和自己对话'),
	(261,'弹唱','林俊杰','http://lastshrek.b0.upaiyun.com/2015/jj-frommetomyself/cover.jpg','http://lastshrek.b0.upaiyun.com/2015/jj-frommetomyself/06.mp3',NULL,NULL,'林俊杰 - 和自己对话'),
	(262,'有梦不难','林俊杰','http://lastshrek.b0.upaiyun.com/2015/jj-frommetomyself/cover.jpg','http://lastshrek.b0.upaiyun.com/2015/jj-frommetomyself/07.mp3',NULL,NULL,'林俊杰 - 和自己对话'),
	(263,'序曲：Welcome to the Livehouse (口白)','林俊杰','http://lastshrek.b0.upaiyun.com/2015/jj-frommetomyself/cover.jpg','http://lastshrek.b0.upaiyun.com/2015/jj-frommetomyself/08.mp3',NULL,NULL,'林俊杰 - 和自己对话'),
	(264,'Too Bad','林俊杰','http://lastshrek.b0.upaiyun.com/2015/jj-frommetomyself/cover.jpg','http://lastshrek.b0.upaiyun.com/2015/jj-frommetomyself/09.mp3',NULL,NULL,'林俊杰 - 和自己对话'),
	(265,'你，有没有过 (Livehouse版)','林俊杰','http://lastshrek.b0.upaiyun.com/2015/jj-frommetomyself/cover.jpg','http://lastshrek.b0.upaiyun.com/2015/jj-frommetomyself/10.mp3',NULL,NULL,'林俊杰 - 和自己对话'),
	(266,'序曲：12年前 (口白)','林俊杰','http://lastshrek.b0.upaiyun.com/2015/jj-frommetomyself/cover.jpg','http://lastshrek.b0.upaiyun.com/2015/jj-frommetomyself/11.mp3',NULL,NULL,'林俊杰 - 和自己对话'),
	(267,'现在的我和她','林俊杰','http://lastshrek.b0.upaiyun.com/2015/jj-frommetomyself/cover.jpg','http://lastshrek.b0.upaiyun.com/2015/jj-frommetomyself/12.mp3',NULL,NULL,'林俊杰 - 和自己对话'),
	(268,'序曲：海边 初','林俊杰','http://lastshrek.b0.upaiyun.com/2015/jj-frommetomyself/cover.jpg','http://lastshrek.b0.upaiyun.com/2015/jj-frommetomyself/13.mp3',NULL,NULL,'林俊杰 - 和自己对话'),
	(269,'Lier and Accuser','林俊杰','http://lastshrek.b0.upaiyun.com/2015/jj-frommetomyself/cover.jpg','http://lastshrek.b0.upaiyun.com/2015/jj-frommetomyself/14.mp3',NULL,NULL,'林俊杰 - 和自己对话'),
	(270,'独舞','林俊杰','http://lastshrek.b0.upaiyun.com/2015/jj-frommetomyself/cover.jpg','http://lastshrek.b0.upaiyun.com/2015/jj-frommetomyself/15.mp3',NULL,NULL,'林俊杰 - 和自己对话'),
	(271,'序曲：海边 终','林俊杰','http://lastshrek.b0.upaiyun.com/2015/jj-frommetomyself/cover.jpg','http://lastshrek.b0.upaiyun.com/2015/jj-frommetomyself/16.mp3',NULL,NULL,'林俊杰 - 和自己对话'),
	(272,'你，有没有过 (Livehouse版)','林俊杰','http://lastshrek.b0.upaiyun.com/2015/jj-frommetomyself/cover.jpg','http://lastshrek.b0.upaiyun.com/2015/jj-frommetomyself/17.mp3',NULL,NULL,'林俊杰 - 和自己对话'),
	(273,'只要有你的地方','林俊杰','http://lastshrek.b0.upaiyun.com/2015/jj-frommetomyself/cover.jpg','http://lastshrek.b0.upaiyun.com/2015/jj-frommetomyself/18.mp3',NULL,NULL,'林俊杰 - 和自己对话'),
	(274,'Seventeen','Alessia Cara','http://lastshrek.b0.upaiyun.com/2015/alessiacara-knowitall/cover.jpg','http://lastshrek.b0.upaiyun.com/2015/alessiacara-knowitall/01.mp3',NULL,NULL,'Alessia Cara - Know-It-All'),
	(275,'Here','Alessia Cara','http://lastshrek.b0.upaiyun.com/2015/alessiacara-knowitall/cover.jpg','http://lastshrek.b0.upaiyun.com/2015/alessiacara-knowitall/02.mp3',NULL,NULL,'Alessia Cara - Know-It-All'),
	(276,'Outlaws','Alessia Cara','http://lastshrek.b0.upaiyun.com/2015/alessiacara-knowitall/cover.jpg','http://lastshrek.b0.upaiyun.com/2015/alessiacara-knowitall/03.mp3',NULL,NULL,'Alessia Cara - Know-It-All'),
	(277,'I\'m Yours','Alessia Cara','http://lastshrek.b0.upaiyun.com/2015/alessiacara-knowitall/cover.jpg','http://lastshrek.b0.upaiyun.com/2015/alessiacara-knowitall/04.mp3',NULL,NULL,'Alessia Cara - Know-It-All'),
	(278,'Four Pink Walls','Alessia Cara','http://lastshrek.b0.upaiyun.com/2015/alessiacara-knowitall/cover.jpg','http://lastshrek.b0.upaiyun.com/2015/alessiacara-knowitall/05.mp3',NULL,NULL,'Alessia Cara - Know-It-All'),
	(279,'Wild Things','Alessia Cara','http://lastshrek.b0.upaiyun.com/2015/alessiacara-knowitall/cover.jpg','http://lastshrek.b0.upaiyun.com/2015/alessiacara-knowitall/06.mp3',NULL,NULL,'Alessia Cara - Know-It-All'),
	(280,'Stone','Alessia Cara','http://lastshrek.b0.upaiyun.com/2015/alessiacara-knowitall/cover.jpg','http://lastshrek.b0.upaiyun.com/2015/alessiacara-knowitall/07.mp3',NULL,NULL,'Alessia Cara - Know-It-All'),
	(281,'Overdose','Alessia Cara','http://lastshrek.b0.upaiyun.com/2015/alessiacara-knowitall/cover.jpg','http://lastshrek.b0.upaiyun.com/2015/alessiacara-knowitall/08.mp3',NULL,NULL,'Alessia Cara - Know-It-All'),
	(282,'Stars','Alessia Cara','http://lastshrek.b0.upaiyun.com/2015/alessiacara-knowitall/cover.jpg','http://lastshrek.b0.upaiyun.com/2015/alessiacara-knowitall/09.mp3',NULL,NULL,'Alessia Cara - Know-It-All'),
	(283,'Scars to Your Beautiful','Alessia Cara','http://lastshrek.b0.upaiyun.com/2015/alessiacara-knowitall/cover.jpg','http://lastshrek.b0.upaiyun.com/2015/alessiacara-knowitall/10.mp3',NULL,NULL,'Alessia Cara - Know-It-All'),
	(284,'Here (2:00 AM Version)','Alessia Cara','http://lastshrek.b0.upaiyun.com/2015/alessiacara-knowitall/cover.jpg','http://lastshrek.b0.upaiyun.com/2015/alessiacara-knowitall/11.mp3',NULL,NULL,'Alessia Cara - Know-It-All'),
	(285,'River of Tears','Alessia Cara','http://lastshrek.b0.upaiyun.com/2015/alessiacara-knowitall/cover.jpg','http://lastshrek.b0.upaiyun.com/2015/alessiacara-knowitall/12.mp3',NULL,NULL,'Alessia Cara - Know-It-All'),
	(286,'My Song','Alessia Cara','http://lastshrek.b0.upaiyun.com/2015/alessiacara-knowitall/cover.jpg','http://lastshrek.b0.upaiyun.com/2015/alessiacara-knowitall/13.mp3',NULL,NULL,'Alessia Cara - Know-It-All'),
	(287,'Hello','Adele','http://lastshrek.b0.upaiyun.com/2015/adele-25/cover.jpg','http://lastshrek.b0.upaiyun.com/2015/adele-25/01.mp3',NULL,NULL,'Adele - 25'),
	(288,'Send My Love (To Your New Lover)','Adele','http://lastshrek.b0.upaiyun.com/2015/adele-25/cover.jpg','http://lastshrek.b0.upaiyun.com/2015/adele-25/02.mp3',NULL,NULL,'Adele - 25'),
	(289,'I Miss You','Adele','http://lastshrek.b0.upaiyun.com/2015/adele-25/cover.jpg','http://lastshrek.b0.upaiyun.com/2015/adele-25/03.mp3',NULL,NULL,'Adele - 25'),
	(290,'When We Were Young','Adele','http://lastshrek.b0.upaiyun.com/2015/adele-25/cover.jpg','http://lastshrek.b0.upaiyun.com/2015/adele-25/04.mp3',NULL,NULL,'Adele - 25'),
	(291,'Remedy','Adele','http://lastshrek.b0.upaiyun.com/2015/adele-25/cover.jpg','http://lastshrek.b0.upaiyun.com/2015/adele-25/05.mp3',NULL,NULL,'Adele - 25'),
	(292,'Water Under The Bridge','Adele','http://lastshrek.b0.upaiyun.com/2015/adele-25/cover.jpg','http://lastshrek.b0.upaiyun.com/2015/adele-25/06.mp3',NULL,NULL,'Adele - 25'),
	(293,'River Lea','Adele','http://lastshrek.b0.upaiyun.com/2015/adele-25/cover.jpg','http://lastshrek.b0.upaiyun.com/2015/adele-25/07.mp3',NULL,NULL,'Adele - 25'),
	(294,'Love In The Dark','Adele','http://lastshrek.b0.upaiyun.com/2015/adele-25/cover.jpg','http://lastshrek.b0.upaiyun.com/2015/adele-25/08.mp3',NULL,NULL,'Adele - 25'),
	(295,'Million Years Ago','Adele','http://lastshrek.b0.upaiyun.com/2015/adele-25/cover.jpg','http://lastshrek.b0.upaiyun.com/2015/adele-25/09.mp3',NULL,NULL,'Adele - 25'),
	(296,'All I Ask','Adele','http://lastshrek.b0.upaiyun.com/2015/adele-25/cover.jpg','http://lastshrek.b0.upaiyun.com/2015/adele-25/10.mp3',NULL,NULL,'Adele - 25'),
	(297,'Sweetest Devotion','Adele','http://lastshrek.b0.upaiyun.com/2015/adele-25/cover.jpg','http://lastshrek.b0.upaiyun.com/2015/adele-25/11.mp3',NULL,NULL,'Adele - 25'),
	(298,'Trip','Axero','http://lastshrek.b0.upaiyun.com/2015/201512/01.jpg','http://lastshrek.b0.upaiyun.com/2015/201512/01.mp3',NULL,NULL,'破车推荐2015年12月号'),
	(299,'Bang My Head','David Guetta / Sia','http://lastshrek.b0.upaiyun.com/2015/201512/02.jpg','http://lastshrek.b0.upaiyun.com/2015/201512/02.mp3',NULL,NULL,'破车推荐2015年12月号'),
	(300,'It is Well (Live)','Bethel Music','http://lastshrek.b0.upaiyun.com/2015/201512/03.jpg','http://lastshrek.b0.upaiyun.com/2015/201512/03.mp3',NULL,NULL,'破车推荐2015年12月号'),
	(301,'Danger in Loving You','Halie Loren','http://lastshrek.b0.upaiyun.com/2015/201512/04.jpg','http://lastshrek.b0.upaiyun.com/2015/201512/04.mp3',NULL,NULL,'破车推荐2015年12月号'),
	(302,'스물셋','IU','http://lastshrek.b0.upaiyun.com/2015/201512/05.jpg','http://lastshrek.b0.upaiyun.com/2015/201512/05.mp3',NULL,NULL,'破车推荐2015年12月号'),
	(303,'Party','Glowie','http://lastshrek.b0.upaiyun.com/2015/201512/06.jpg','http://lastshrek.b0.upaiyun.com/2015/201512/06.mp3',NULL,NULL,'破车推荐2015年12月号'),
	(304,'I Know What You Did Last Summer','Shawn Mendes','http://lastshrek.b0.upaiyun.com/2015/201512/07.jpg','http://lastshrek.b0.upaiyun.com/2015/201512/07.mp3',NULL,NULL,'破车推荐2015年12月号'),
	(305,'I Took a Pill in Ibiza','Mike Posner','http://lastshrek.b0.upaiyun.com/2015/201512/08.jpg','http://lastshrek.b0.upaiyun.com/2015/201512/08.mp3',NULL,NULL,'破车推荐2015年12月号'),
	(306,'In2','WSTRN','http://lastshrek.b0.upaiyun.com/2015/201512/09.jpg','http://lastshrek.b0.upaiyun.com/2015/201512/09.mp3',NULL,NULL,'破车推荐2015年12月号'),
	(307,'FOOLS','Troye Sivan','http://lastshrek.b0.upaiyun.com/2015/201512/10.jpg','http://lastshrek.b0.upaiyun.com/2015/201512/10.mp3',NULL,NULL,'破车推荐2015年12月号'),
	(308,'What People Do','Sofi de la Torre','http://lastshrek.b0.upaiyun.com/2015/201512/11.jpg','http://lastshrek.b0.upaiyun.com/2015/201512/11.mp3',NULL,NULL,'破车推荐2015年12月号'),
	(309,'Dessert','Dawin','http://lastshrek.b0.upaiyun.com/2015/201512/12.jpg','http://lastshrek.b0.upaiyun.com/2015/201512/12.mp3',NULL,NULL,'破车推荐2015年12月号'),
	(310,'Saddest Vanilla (feat. Emeli Sande)','Jess Glynne','http://lastshrek.b0.upaiyun.com/2015/JessGlynne-ICryWhenILaugh/cover.jpg','http://lastshrek.b0.upaiyun.com/2015/201512/13.mp3',NULL,NULL,'破车推荐2015年12月号'),
	(311,'Wildest Dreams','Anthem Lights','http://lastshrek.b0.upaiyun.com/2015/201512/14.jpg','http://lastshrek.b0.upaiyun.com/2015/201512/14.mp3',NULL,NULL,'破车推荐2015年12月号'),
	(312,'Angel (Radio Edit)','Dogena','http://lastshrek.b0.upaiyun.com/2015/201512/15.jpg','http://lastshrek.b0.upaiyun.com/2015/201512/15.mp3',NULL,NULL,'破车推荐2015年12月号'),
	(313,'Adventure of a Lifetime','Coldplay','http://lastshrek.b0.upaiyun.com/2015/201512/16.jpg','http://lastshrek.b0.upaiyun.com/2015/201512/16.mp3',NULL,NULL,'破车推荐2015年12月号'),
	(314,'Better Give U Up','FKJ','http://lastshrek.b0.upaiyun.com/2015/201512/17.jpg','http://lastshrek.b0.upaiyun.com/2015/201512/17.mp3',NULL,NULL,'破车推荐2015年12月号'),
	(315,'Lean On (KLYMVX Ft. Emma Heesters Remix)','KLYMVX','http://lastshrek.b0.upaiyun.com/2015/201512/18.jpg','http://lastshrek.b0.upaiyun.com/2015/201512/18.mp3',NULL,NULL,'破车推荐2015年12月号'),
	(316,'Carry Your Own Weight','Buika / Jason Mraz','http://lastshrek.b0.upaiyun.com/2015/201512/19.jpg','http://lastshrek.b0.upaiyun.com/2015/201512/19.mp3',NULL,NULL,'破车推荐2015年12月号'),
	(317,'Forgettable','Project 46','http://lastshrek.b0.upaiyun.com/2015/201512/20.jpg','http://lastshrek.b0.upaiyun.com/2015/201512/20.mp3',NULL,NULL,'破车推荐2015年12月号'),
	(318,'Love Yourself','Justin Bieber','http://lastshrek.b0.upaiyun.com/2015/201512/21.jpg','http://lastshrek.b0.upaiyun.com/2015/201512/21.mp3',NULL,NULL,'破车推荐2015年12月号'),
	(319,'Bird Set Free','Sia','http://lastshrek.b0.upaiyun.com/2015/201512/22.jpg','http://lastshrek.b0.upaiyun.com/2015/201512/22.mp3',NULL,NULL,'破车推荐2015年12月号'),
	(320,'Die a Happy Man','Thomas Rhett','http://lastshrek.b0.upaiyun.com/2015/201512/23.jpg','http://lastshrek.b0.upaiyun.com/2015/201512/23.mp3',NULL,NULL,'破车推荐2015年12月号'),
	(321,'Somethin About U','Astronomyy','http://lastshrek.b0.upaiyun.com/2015/201512/24.jpg','http://lastshrek.b0.upaiyun.com/2015/201512/24.mp3',NULL,NULL,'破车推荐2015年12月号'),
	(322,'Pop It in 2','Made In Heights','http://lastshrek.b0.upaiyun.com/2015/201512/25.jpg','http://lastshrek.b0.upaiyun.com/2015/201512/25.mp3',NULL,NULL,'破车推荐2015年12月号'),
	(323,'Skin Tight','Niykee Heaton','http://lastshrek.b0.upaiyun.com/2015/201511/07.jpg','http://lastshrek.b0.upaiyun.com/2015/201512/26.mp3',NULL,NULL,'破车推荐2015年12月号'),
	(324,'Stronger Than Me','Amy Winehouse','http://lastshrek.b0.upaiyun.com/2015/201512/27.jpg','http://lastshrek.b0.upaiyun.com/2015/201512/27.mp3',NULL,NULL,'破车推荐2015年12月号'),
	(325,'Jaded','Disclosure','http://lastshrek.b0.upaiyun.com/2015/201512/28.jpg','http://lastshrek.b0.upaiyun.com/2015/201512/28.mp3',NULL,NULL,'破车推荐2015年12月号'),
	(326,'Black Smoke','Ann Sophie','http://lastshrek.b0.upaiyun.com/2015/201512/29.jpg','http://lastshrek.b0.upaiyun.com/2015/201512/29.mp3',NULL,NULL,'破车推荐2015年12月号'),
	(327,'Little Do You Know','Alex / Sierra','http://lastshrek.b0.upaiyun.com/2015/201512/30.jpg','http://lastshrek.b0.upaiyun.com/2015/201512/30.mp3',NULL,NULL,'破车推荐2015年12月号'),
	(328,'Move (James Carter & Eche Palante Remix)','Eche Palante','http://lastshrek.b0.upaiyun.com/2015/201512/31.jpg','http://lastshrek.b0.upaiyun.com/2015/201512/31.mp3',NULL,NULL,'破车推荐2015年12月号'),
	(329,'It Is Well (Live)','Bethel Music / Kristene Dimarco','http://lastshrek.b0.upaiyun.com/2015/MrLonely1/01.jpg','http://lastshrek.b0.upaiyun.com/2015/MrLonely1/01.mp3',NULL,NULL,'Mr.Lonely Part1'),
	(330,'Limits','Arctic Lake','http://lastshrek.b0.upaiyun.com/2015/MrLonely1/02.jpg','http://lastshrek.b0.upaiyun.com/2015/MrLonely1/02.mp3',NULL,NULL,'Mr.Lonely Part1'),
	(331,'Sleep Alone','Stacey','http://lastshrek.b0.upaiyun.com/2015/MrLonely1/03.jpg','http://lastshrek.b0.upaiyun.com/2015/MrLonely1/03.mp3',NULL,NULL,'Mr.Lonely Part1'),
	(332,'Lose You Tonight','Kristina Train','http://lastshrek.b0.upaiyun.com/2015/MrLonely1/04.jpg','http://lastshrek.b0.upaiyun.com/2015/MrLonely1/04.mp3',NULL,NULL,'Mr.Lonely Part1'),
	(333,'Get Away','Jessie J','http://lastshrek.b0.upaiyun.com/2015/MrLonely1/05.jpg','http://lastshrek.b0.upaiyun.com/2015/MrLonely1/05.mp3',NULL,NULL,'Mr.Lonely Part1'),
	(334,'Safe And Sound','Taylor Swift','http://lastshrek.b0.upaiyun.com/2015/MrLonely1/06.jpg','http://lastshrek.b0.upaiyun.com/2015/MrLonely1/06.mp3',NULL,NULL,'Mr.Lonely Part1'),
	(335,'beautiful (English ver.)','oh sunshine','http://lastshrek.b0.upaiyun.com/2015/MrLonely1/07.jpg','http://lastshrek.b0.upaiyun.com/2015/MrLonely1/07.mp3',NULL,NULL,'Mr.Lonely Part1'),
	(336,'Mr Parker','Emily Grace','http://lastshrek.b0.upaiyun.com/2015/MrLonely1/08.jpg','http://lastshrek.b0.upaiyun.com/2015/MrLonely1/08.mp3',NULL,NULL,'Mr.Lonely Part1'),
	(337,'Over And Over (Album Version)','Rachael Yamagata','http://lastshrek.b0.upaiyun.com/2015/MrLonely1/09.jpg','http://lastshrek.b0.upaiyun.com/2015/MrLonely1/09.mp3',NULL,NULL,'Mr.Lonely Part1'),
	(338,'All Out of Love (Single)','Sara Lov','http://lastshrek.b0.upaiyun.com/2015/MrLonely1/10.jpg','http://lastshrek.b0.upaiyun.com/2015/MrLonely1/10.mp3',NULL,NULL,'Mr.Lonely Part1'),
	(339,'Intro (Delirium)','Ellie Goulding','http://lastshrek.b0.upaiyun.com/2015/EllieGoulding-Delirium/cover.jpg','http://lastshrek.b0.upaiyun.com/2015/EllieGoulding-Delirium/01.mp3',NULL,NULL,'Ellie Goulding - Delirium'),
	(340,'Aftertaste','Ellie Goulding','http://lastshrek.b0.upaiyun.com/2015/EllieGoulding-Delirium/cover.jpg','http://lastshrek.b0.upaiyun.com/2015/EllieGoulding-Delirium/02.mp3',NULL,NULL,'Ellie Goulding - Delirium'),
	(341,'Something In the Way You Move','Ellie Goulding','http://lastshrek.b0.upaiyun.com/2015/EllieGoulding-Delirium/cover.jpg','http://lastshrek.b0.upaiyun.com/2015/EllieGoulding-Delirium/03.mp3',NULL,NULL,'Ellie Goulding - Delirium'),
	(342,'Keep On Dancin\'','Ellie Goulding','http://lastshrek.b0.upaiyun.com/2015/EllieGoulding-Delirium/cover.jpg','http://lastshrek.b0.upaiyun.com/2015/EllieGoulding-Delirium/04.mp3',NULL,NULL,'Ellie Goulding - Delirium'),
	(343,'On My Mind','Ellie Goulding','http://lastshrek.b0.upaiyun.com/2015/EllieGoulding-Delirium/cover.jpg','http://lastshrek.b0.upaiyun.com/2015/EllieGoulding-Delirium/05.mp3',NULL,NULL,'Ellie Goulding - Delirium'),
	(344,'Around U','Ellie Goulding','http://lastshrek.b0.upaiyun.com/2015/EllieGoulding-Delirium/cover.jpg','http://lastshrek.b0.upaiyun.com/2015/EllieGoulding-Delirium/06.mp3',NULL,NULL,'Ellie Goulding - Delirium'),
	(345,'Codes','Ellie Goulding','http://lastshrek.b0.upaiyun.com/2015/EllieGoulding-Delirium/cover.jpg','http://lastshrek.b0.upaiyun.com/2015/EllieGoulding-Delirium/07.mp3',NULL,NULL,'Ellie Goulding - Delirium'),
	(346,'Holding On For Life','Ellie Goulding','http://lastshrek.b0.upaiyun.com/2015/EllieGoulding-Delirium/cover.jpg','http://lastshrek.b0.upaiyun.com/2015/EllieGoulding-Delirium/08.mp3',NULL,NULL,'Ellie Goulding - Delirium'),
	(347,'Love Me Like You Do(From \"Fifty Shades Of Grey\")','Ellie Goulding','http://lastshrek.b0.upaiyun.com/2015/EllieGoulding-Delirium/cover.jpg','http://lastshrek.b0.upaiyun.com/2015/EllieGoulding-Delirium/09.mp3',NULL,NULL,'Ellie Goulding - Delirium'),
	(348,'Don\'t Need Nobody','Ellie Goulding','http://lastshrek.b0.upaiyun.com/2015/EllieGoulding-Delirium/cover.jpg','http://lastshrek.b0.upaiyun.com/2015/EllieGoulding-Delirium/10.mp3',NULL,NULL,'Ellie Goulding - Delirium'),
	(349,'Don\'t Panic','Ellie Goulding','http://lastshrek.b0.upaiyun.com/2015/EllieGoulding-Delirium/cover.jpg','http://lastshrek.b0.upaiyun.com/2015/EllieGoulding-Delirium/11.mp3',NULL,NULL,'Ellie Goulding - Delirium'),
	(350,'We Can\'t Move To This','Ellie Goulding','http://lastshrek.b0.upaiyun.com/2015/EllieGoulding-Delirium/cover.jpg','http://lastshrek.b0.upaiyun.com/2015/EllieGoulding-Delirium/12.mp3',NULL,NULL,'Ellie Goulding - Delirium'),
	(351,'Army','Ellie Goulding','http://lastshrek.b0.upaiyun.com/2015/EllieGoulding-Delirium/cover.jpg','http://lastshrek.b0.upaiyun.com/2015/EllieGoulding-Delirium/13.mp3',NULL,NULL,'Ellie Goulding - Delirium'),
	(352,'Lost and Found','Ellie Goulding','http://lastshrek.b0.upaiyun.com/2015/EllieGoulding-Delirium/cover.jpg','http://lastshrek.b0.upaiyun.com/2015/EllieGoulding-Delirium/14.mp3',NULL,NULL,'Ellie Goulding - Delirium'),
	(353,'Devotion','Ellie Goulding','http://lastshrek.b0.upaiyun.com/2015/EllieGoulding-Delirium/cover.jpg','http://lastshrek.b0.upaiyun.com/2015/EllieGoulding-Delirium/15.mp3',NULL,NULL,'Ellie Goulding - Delirium'),
	(354,'Scream It Out','Ellie Goulding','http://lastshrek.b0.upaiyun.com/2015/EllieGoulding-Delirium/cover.jpg','http://lastshrek.b0.upaiyun.com/2015/EllieGoulding-Delirium/16.mp3',NULL,NULL,'Ellie Goulding - Delirium'),
	(355,'The Greatest','Ellie Goulding','http://lastshrek.b0.upaiyun.com/2015/EllieGoulding-Delirium/cover.jpg','http://lastshrek.b0.upaiyun.com/2015/EllieGoulding-Delirium/17.mp3',NULL,NULL,'Ellie Goulding - Delirium'),
	(356,'I Do What I Love','Ellie Goulding','http://lastshrek.b0.upaiyun.com/2015/EllieGoulding-Delirium/cover.jpg','http://lastshrek.b0.upaiyun.com/2015/EllieGoulding-Delirium/18.mp3',NULL,NULL,'Ellie Goulding - Delirium'),
	(357,'Paradise','Ellie Goulding','http://lastshrek.b0.upaiyun.com/2015/EllieGoulding-Delirium/cover.jpg','http://lastshrek.b0.upaiyun.com/2015/EllieGoulding-Delirium/19.mp3',NULL,NULL,'Ellie Goulding - Delirium'),
	(358,'Winner','Ellie Goulding','http://lastshrek.b0.upaiyun.com/2015/EllieGoulding-Delirium/cover.jpg','http://lastshrek.b0.upaiyun.com/2015/EllieGoulding-Delirium/20.mp3',NULL,NULL,'Ellie Goulding - Delirium'),
	(359,'Heal','Ellie Goulding','http://lastshrek.b0.upaiyun.com/2015/EllieGoulding-Delirium/cover.jpg','http://lastshrek.b0.upaiyun.com/2015/EllieGoulding-Delirium/21.mp3',NULL,NULL,'Ellie Goulding - Delirium'),
	(360,'Outside Feat.Calvin Harris','Ellie Goulding','http://lastshrek.b0.upaiyun.com/2015/EllieGoulding-Delirium/cover.jpg','http://lastshrek.b0.upaiyun.com/2015/EllieGoulding-Delirium/22.mp3',NULL,NULL,'Ellie Goulding - Delirium'),
	(361,'Never Leave (Original Mix)','DVBBS','http://lastshrek.b0.upaiyun.com/2015/201511/01.jpg','http://lastshrek.b0.upaiyun.com/2015/201511/01.mp3',NULL,NULL,'破车推荐2015年11月号'),
	(362,'I Don\'t Want to Go to Bed','Simple Plan / Nelly','http://lastshrek.b0.upaiyun.com/2015/201511/02.jpg','http://lastshrek.b0.upaiyun.com/2015/201511/02.mp3',NULL,NULL,'破车推荐2015年11月号'),
	(363,'That Isn\'t You','Sofi de la Torre','http://lastshrek.b0.upaiyun.com/2015/201511/03.jpg','http://lastshrek.b0.upaiyun.com/2015/201511/03.mp3',NULL,NULL,'破车推荐2015年11月号'),
	(364,'Second Hand Heart','Ben Haenow / Kelly Clarkson','http://lastshrek.b0.upaiyun.com/2015/201511/04.jpg','http://lastshrek.b0.upaiyun.com/2015/201511/04.mp3',NULL,NULL,'破车推荐2015年11月号'),
	(365,'어깨','昭宥 / 权正烈','http://lastshrek.b0.upaiyun.com/2015/201511/05.jpg','http://lastshrek.b0.upaiyun.com/2015/201511/05.mp3',NULL,NULL,'破车推荐2015年11月号'),
	(366,'Dreams','Beck','http://lastshrek.b0.upaiyun.com/2015/201511/06.jpg','http://lastshrek.b0.upaiyun.com/2015/201511/06.mp3',NULL,NULL,'破车推荐2015年11月号'),
	(367,'Bad Intension','Niykee Heaton','http://lastshrek.b0.upaiyun.com/2015/201511/07.jpg','http://lastshrek.b0.upaiyun.com/2015/201511/07.mp3',NULL,NULL,'破车推荐2015年11月号'),
	(368,'I Took A Pill In Ibiza (SeeB Remix)','SeeB','http://lastshrek.b0.upaiyun.com/2015/201511/08.jpg','http://lastshrek.b0.upaiyun.com/2015/201511/08.mp3',NULL,NULL,'破车推荐2015年11月号'),
	(369,'Valentino','Diane Birch','http://lastshrek.b0.upaiyun.com/2015/201511/09.jpg','http://lastshrek.b0.upaiyun.com/2015/201511/09.mp3',NULL,NULL,'破车推荐2015年11月号'),
	(370,'ID (Original Mix)','Kygo','http://lastshrek.b0.upaiyun.com/2015/201511/10.jpg','http://lastshrek.b0.upaiyun.com/2015/201511/10.mp3',NULL,NULL,'破车推荐2015年11月号'),
	(371,'No More','Glow / Stony','http://lastshrek.b0.upaiyun.com/2015/201511/11.jpg','http://lastshrek.b0.upaiyun.com/2015/201511/11.mp3',NULL,NULL,'破车推荐2015年11月号'),
	(372,'Cheap Sunglasses','RAC','http://lastshrek.b0.upaiyun.com/2015/201511/12.jpg','http://lastshrek.b0.upaiyun.com/2015/201511/12.mp3',NULL,NULL,'破车推荐2015年11月号'),
	(373,'Catastrophes','Lunik','http://lastshrek.b0.upaiyun.com/2015/201511/13.jpg','http://lastshrek.b0.upaiyun.com/2015/201511/13.mp3',NULL,NULL,'破车推荐2015年11月号'),
	(374,'Focus','Ariana Grande','http://lastshrek.b0.upaiyun.com/2015/201511/14.jpg','http://lastshrek.b0.upaiyun.com/2015/201511/14.mp3',NULL,NULL,'破车推荐2015年11月号'),
	(375,'Waterfall','Christopher','http://lastshrek.b0.upaiyun.com/2015/201511/15.jpg','http://lastshrek.b0.upaiyun.com/2015/201511/15.mp3',NULL,NULL,'破车推荐2015年11月号'),
	(376,'I','태연','http://lastshrek.b0.upaiyun.com/2015/201511/16.jpg','http://lastshrek.b0.upaiyun.com/2015/201511/16.mp3',NULL,NULL,'破车推荐2015年11月号'),
	(377,'Limits','Arctic Lake','http://lastshrek.b0.upaiyun.com/2015/201511/17.jpg','http://lastshrek.b0.upaiyun.com/2015/201511/17.mp3',NULL,NULL,'破车推荐2015年11月号'),
	(378,'Me & the Rhythm','Selena Gomez','http://lastshrek.b0.upaiyun.com/2015/201511/18.jpg','http://lastshrek.b0.upaiyun.com/2015/201511/18.mp3',NULL,NULL,'破车推荐2015年11月号'),
	(379,'Unfold','Alina Baraz / Galimatias','http://lastshrek.b0.upaiyun.com/2015/201511/19.jpg','http://lastshrek.b0.upaiyun.com/2015/201511/19.mp3',NULL,NULL,'破车推荐2015年11月号'),
	(380,'Victorious','Panic! At The Disco','http://lastshrek.b0.upaiyun.com/2015/201511/20.jpg','http://lastshrek.b0.upaiyun.com/2015/201511/20.mp3',NULL,NULL,'破车推荐2015年11月号'),
	(381,'Evening Star','Cannons','http://lastshrek.b0.upaiyun.com/2015/201511/21.jpg','http://lastshrek.b0.upaiyun.com/2015/201511/21.mp3',NULL,NULL,'破车推荐2015年11月号'),
	(382,'Better When I’m Dancin’','Meghan Trainor','http://lastshrek.b0.upaiyun.com/2015/201511/22.jpg','http://lastshrek.b0.upaiyun.com/2015/201511/22.mp3',NULL,NULL,'破车推荐2015年11月号'),
	(383,'Can’t Help Falling in Love','Haley Reinhart','http://lastshrek.b0.upaiyun.com/2015/201511/23.jpg','http://lastshrek.b0.upaiyun.com/2015/201511/23.mp3',NULL,NULL,'破车推荐2015年11月号'),
	(384,'Fire N Gold','Bea Miller','http://lastshrek.b0.upaiyun.com/2015/201511/24.jpg','http://lastshrek.b0.upaiyun.com/2015/201511/24.mp3',NULL,NULL,'破车推荐2015年11月号'),
	(385,'One More Night With You','Kari Kimmel','http://lastshrek.b0.upaiyun.com/2015/201511/25.jpg','http://lastshrek.b0.upaiyun.com/2015/201511/25.mp3',NULL,NULL,'破车推荐2015年11月号'),
	(386,'2 Heads','Coleman Hell','http://lastshrek.b0.upaiyun.com/2015/201511/26.jpg','http://lastshrek.b0.upaiyun.com/2015/201511/26.mp3',NULL,NULL,'破车推荐2015年11月号'),
	(387,'Livewire','Oh Wonder','http://lastshrek.b0.upaiyun.com/2015/201511/27.jpg','http://lastshrek.b0.upaiyun.com/2015/201511/27.mp3',NULL,NULL,'破车推荐2015年11月号'),
	(388,'Under the Sun','Lawson','http://lastshrek.b0.upaiyun.com/2015/201511/28.jpg','http://lastshrek.b0.upaiyun.com/2015/201511/28.mp3',NULL,NULL,'破车推荐2015年11月号'),
	(389,'꼭 어제','김준수','http://lastshrek.b0.upaiyun.com/2015/201511/29.jpg','http://lastshrek.b0.upaiyun.com/2015/201511/29.mp3',NULL,NULL,'破车推荐2015年11月号'),
	(390,'The Sweet Life (Progressive Version)','Axero','http://lastshrek.b0.upaiyun.com/2015/201511/30.jpg','http://lastshrek.b0.upaiyun.com/2015/201511/30.mp3',NULL,NULL,'破车推荐2015年11月号'),
	(391,'Player','Tinashe','http://lastshrek.b0.upaiyun.com/2015/201511/32.jpg','http://lastshrek.b0.upaiyun.com/2015/201511/32.mp3',NULL,NULL,'破车推荐2015年11月号'),
	(392,'Sleep Alone','STACEY','http://lastshrek.b0.upaiyun.com/2015/201511/31.jpg','http://lastshrek.b0.upaiyun.com/2015/201511/31.mp3',NULL,NULL,'破车推荐2015年11月号'),
	(393,'Light a Fire','Rachel Taylor','http://lastshrek.b0.upaiyun.com/2015/201511/33.jpg','http://lastshrek.b0.upaiyun.com/2015/201511/33.mp3',NULL,NULL,'破车推荐2015年11月号'),
	(394,'Perfect (Matoma Remix)','One Direction','http://lastshrek.b0.upaiyun.com/2015/201511/34.jpg','http://lastshrek.b0.upaiyun.com/2015/201511/34.mp3',NULL,NULL,'破车推荐2015年11月号'),
	(395,'Teenage Fantasy','Cherokee','http://lastshrek.b0.upaiyun.com/2015/201511/35.jpg','http://lastshrek.b0.upaiyun.com/2015/201511/35.mp3',NULL,NULL,'破车推荐2015年11月号'),
	(396,'Ocean','Lauren Aquilina','http://lastshrek.b0.upaiyun.com/2015/201511/36.jpg','http://lastshrek.b0.upaiyun.com/2015/201511/36.mp3',NULL,NULL,'破车推荐2015年11月号'),
	(397,'Kiss Me','Olly Murs','http://lastshrek.b0.upaiyun.com/2015/201511/37.jpg','http://lastshrek.b0.upaiyun.com/2015/201511/37.mp3',NULL,NULL,'破车推荐2015年11月号'),
	(398,'Georgia','Vance Joy','http://lastshrek.b0.upaiyun.com/2015/201511/38.jpg','http://lastshrek.b0.upaiyun.com/2015/201511/38.mp3',NULL,NULL,'破车推荐2015年11月号'),
	(399,'Never Forget You','MNEK / Zara Larsson','http://lastshrek.b0.upaiyun.com/2015/201511/39.jpg','http://lastshrek.b0.upaiyun.com/2015/201511/39.mp3',NULL,NULL,'破车推荐2015年11月号'),
	(400,'Make You Feel','Alina Baraz','http://lastshrek.b0.upaiyun.com/2015/201511/40.jpg','http://lastshrek.b0.upaiyun.com/2015/201511/40.mp3',NULL,NULL,'破车推荐2015年11月号'),
	(401,'FREE.K','Pitbull','http://lastshrek.b0.upaiyun.com/2015/201511/41.jpg','http://lastshrek.b0.upaiyun.com/2015/201511/41.mp3',NULL,NULL,'破车推荐2015年11月号'),
	(402,'Already Gone','Sleeping at Last','http://lastshrek.b0.upaiyun.com/2015/201511/42.jpg','http://lastshrek.b0.upaiyun.com/2015/201511/42.mp3',NULL,NULL,'破车推荐2015年11月号'),
	(403,'Lay It All On Me (Original Mix)','Rudimental','http://lastshrek.b0.upaiyun.com/2015/201511/43.jpg','http://lastshrek.b0.upaiyun.com/2015/201511/43.mp3',NULL,NULL,'破车推荐2015年11月号'),
	(404,'Open Season','Josef Salvat','http://lastshrek.b0.upaiyun.com/2015/201511/44.jpg','http://lastshrek.b0.upaiyun.com/2015/201511/44.mp3',NULL,NULL,'破车推荐2015年11月号'),
	(405,'Automatic','ZHU','http://lastshrek.b0.upaiyun.com/2015/201511/45.jpg','http://lastshrek.b0.upaiyun.com/2015/201511/45.mp3',NULL,NULL,'破车推荐2015年11月号'),
	(406,'That\'s How You Know','Nico & Vinz','http://lastshrek.b0.upaiyun.com/2015/201511/46.jpg','http://lastshrek.b0.upaiyun.com/2015/201511/46.mp3',NULL,NULL,'破车推荐2015年11月号'),
	(407,'Mad World (Radio Edit)','Hardwell','http://lastshrek.b0.upaiyun.com/2015/201511/47.jpg','http://lastshrek.b0.upaiyun.com/2015/201511/47.mp3',NULL,NULL,'破车推荐2015年11月号'),
	(408,'Outta My Hands (Loco)','Selena Gomez','http://lastshrek.b0.upaiyun.com/2015/201511/48.jpg','http://lastshrek.b0.upaiyun.com/2015/201511/48.mp3',NULL,NULL,'破车推荐2015年11月号'),
	(409,'Downtown','Macklemore','http://lastshrek.b0.upaiyun.com/2015/201511/49.jpg','http://lastshrek.b0.upaiyun.com/2015/201511/49.mp3',NULL,NULL,'破车推荐2015年11月号'),
	(410,'Be More Barrio','Sheppard','http://lastshrek.b0.upaiyun.com/2015/201511/50.jpg','http://lastshrek.b0.upaiyun.com/2015/201511/50.mp3',NULL,NULL,'破车推荐2015年11月号'),
	(411,'Hello','Adele','http://lastshrek.b0.upaiyun.com/2015/201511/51.jpg','http://lastshrek.b0.upaiyun.com/2015/201511/51.mp3',NULL,NULL,'破车推荐2015年11月号'),
	(412,'I Really Like You','Anthem Lights','http://lastshrek.b0.upaiyun.com/2015/201511/52.jpg','http://lastshrek.b0.upaiyun.com/2015/201511/52.mp3',NULL,NULL,'破车推荐2015年11月号'),
	(413,'Hope(Because I know who I am)','Beatsound','http://lastshrek.b0.upaiyun.com/2015/201510/00.jpg','http://lastshrek.b0.upaiyun.com/2015/201510/00.mp3',NULL,NULL,'破车推荐2015年10月号'),
	(414,'True Believer','Avicii','http://lastshrek.b0.upaiyun.com/2015/201510/01.jpg','http://lastshrek.b0.upaiyun.com/2015/201510/01.mp3',NULL,NULL,'破车推荐2015年10月号'),
	(415,'I\'m Not OK','Trent Dabbs','http://lastshrek.b0.upaiyun.com/2015/201510/02.jpg','http://lastshrek.b0.upaiyun.com/2015/201510/02.mp3',NULL,NULL,'破车推荐2015年10月号'),
	(416,'Problem (Acoustic)','Tyler Ward','http://lastshrek.b0.upaiyun.com/2015/201510/03.jpg','http://lastshrek.b0.upaiyun.com/2015/201510/03.mp3',NULL,NULL,'破车推荐2015年10月号'),
	(417,'Ghost (Lost Kings Remix)','Halsey','http://lastshrek.b0.upaiyun.com/2015/201510/04.jpg','http://lastshrek.b0.upaiyun.com/2015/201510/04.mp3',NULL,NULL,'破车推荐2015年10月号'),
	(418,'Say You Love Me','Kenichiro Nishihara','http://lastshrek.b0.upaiyun.com/2015/201510/05.jpg','http://lastshrek.b0.upaiyun.com/2015/201510/05.mp3',NULL,NULL,'破车推荐2015年10月号'),
	(419,'Hear Your Heart (James Carter Remix)','James Carter','http://lastshrek.b0.upaiyun.com/2015/201510/06.jpg','http://lastshrek.b0.upaiyun.com/2015/201510/06.mp3',NULL,NULL,'破车推荐2015年10月号'),
	(420,'Don\'t Be a Stranger','Lunik','http://lastshrek.b0.upaiyun.com/2015/201510/07.jpg','http://lastshrek.b0.upaiyun.com/2015/201510/07.mp3',NULL,NULL,'破车推荐2015年10月号'),
	(421,'Soulmates (Citylanes Edit)','Mango','http://lastshrek.b0.upaiyun.com/2015/201510/08.jpg','http://lastshrek.b0.upaiyun.com/2015/201510/08.mp3',NULL,NULL,'破车推荐2015年10月号'),
	(422,'On My Mind','Ellie Goulding','http://lastshrek.b0.upaiyun.com/2015/201510/09.jpg','http://lastshrek.b0.upaiyun.com/2015/201510/09.mp3',NULL,NULL,'破车推荐2015年10月号'),
	(423,'Burning House','Cam','http://lastshrek.b0.upaiyun.com/2015/201510/10.jpg','http://lastshrek.b0.upaiyun.com/2015/201510/10.mp3',NULL,NULL,'破车推荐2015年10月号'),
	(424,'Here for You','Kygo','http://lastshrek.b0.upaiyun.com/2015/201510/11.jpg','http://lastshrek.b0.upaiyun.com/2015/201510/11.mp3',NULL,NULL,'破车推荐2015年10月号'),
	(425,'Lieblingsmensch','Namika','http://lastshrek.b0.upaiyun.com/2015/201510/12.jpg','http://lastshrek.b0.upaiyun.com/2015/201510/12.mp3',NULL,NULL,'破车推荐2015年10月号'),
	(426,'DEAR~','NANASE','http://lastshrek.b0.upaiyun.com/2015/201510/13.jpg','http://lastshrek.b0.upaiyun.com/2015/201510/13.mp3',NULL,NULL,'破车推荐2015年10月号'),
	(427,'Take It or Leave It','Great Good Fine Ok','http://lastshrek.b0.upaiyun.com/2015/201510/14.jpg','http://lastshrek.b0.upaiyun.com/2015/201510/14.mp3',NULL,NULL,'破车推荐2015年10月号'),
	(428,'Music To My Soul','CeeLo Green','http://lastshrek.b0.upaiyun.com/2015/201510/15.jpg','http://lastshrek.b0.upaiyun.com/2015/201510/15.mp3',NULL,NULL,'破车推荐2015年10月号'),
	(429,'My Head Is a Jungle (Gui Boratto Remix) [Short Edit]','Wankelmut','http://lastshrek.b0.upaiyun.com/2015/201510/16.jpg','http://lastshrek.b0.upaiyun.com/2015/201510/16.mp3',NULL,NULL,'破车推荐2015年10月号'),
	(430,'Here','Alessia','http://lastshrek.b0.upaiyun.com/2015/201510/17.jpg','http://lastshrek.b0.upaiyun.com/2015/201510/17.mp3',NULL,NULL,'破车推荐2015年10月号'),
	(431,'No Sleeep','Janet Jackson','http://lastshrek.b0.upaiyun.com/2015/201510/18.jpg','http://lastshrek.b0.upaiyun.com/2015/201510/18.mp3',NULL,NULL,'破车推荐2015年10月号'),
	(432,'Love Me Like You','Little Mix','http://lastshrek.b0.upaiyun.com/2015/201510/19.jpg','http://lastshrek.b0.upaiyun.com/2015/201510/19.mp3',NULL,NULL,'破车推荐2015年10月号'),
	(433,'I Could Be','Shane Filan,Nadine Coyle','http://lastshrek.b0.upaiyun.com/2015/201510/20.jpg','http://lastshrek.b0.upaiyun.com/2015/201510/20.mp3',NULL,NULL,'破车推荐2015年10月号'),
	(434,'Falling For Somebody New','kuma','http://lastshrek.b0.upaiyun.com/2015/201510/21.jpg','http://lastshrek.b0.upaiyun.com/2015/201510/21.mp3',NULL,NULL,'破车推荐2015年10月号'),
	(435,'Follow You','Bring Me the Horizon','http://lastshrek.b0.upaiyun.com/2015/201510/22.jpg','http://lastshrek.b0.upaiyun.com/2015/201510/22.mp3',NULL,NULL,'破车推荐2015年10月号'),
	(436,'Same Old Love','Selena Gomez','http://lastshrek.b0.upaiyun.com/2015/201510/23.jpg','http://lastshrek.b0.upaiyun.com/2015/201510/23.mp3',NULL,NULL,'破车推荐2015年10月号'),
	(437,'Book Of Love','Felix Jaehn','http://lastshrek.b0.upaiyun.com/2015/201510/24.jpg','http://lastshrek.b0.upaiyun.com/2015/201510/24.mp3',NULL,NULL,'破车推荐2015年10月号'),
	(438,'Life Story','Ólafur Arnalds','http://lastshrek.b0.upaiyun.com/2015/201510/25.jpg','http://lastshrek.b0.upaiyun.com/2015/201510/25.mp3',NULL,NULL,'破车推荐2015年10月号'),
	(439,'This Is the Life','Angie Miller','http://lastshrek.b0.upaiyun.com/2015/201510/26.jpg','http://lastshrek.b0.upaiyun.com/2015/201510/26.mp3',NULL,NULL,'破车推荐2015年10月号'),
	(440,'Zero','Chris Brown','http://lastshrek.b0.upaiyun.com/2015/201510/27.jpg','http://lastshrek.b0.upaiyun.com/2015/201510/27.mp3',NULL,NULL,'破车推荐2015年10月号'),
	(441,'Ex\'s & Oh\'s','Elle King','http://lastshrek.b0.upaiyun.com/2015/201510/28.jpg','http://lastshrek.b0.upaiyun.com/2015/201510/28.mp3',NULL,NULL,'破车推荐2015年10月号'),
	(442,'Confident','Demi Lovato','http://lastshrek.b0.upaiyun.com/2015/201510/29.jpg','http://lastshrek.b0.upaiyun.com/2015/201510/29.mp3',NULL,NULL,'破车推荐2015年10月号'),
	(443,'Waking Up (Acoustic)','PVRIS','http://lastshrek.b0.upaiyun.com/2015/201510/30.jpg','http://lastshrek.b0.upaiyun.com/2015/201510/30.mp3',NULL,NULL,'破车推荐2015年10月号'),
	(444,'Suit & Tie (Ta-ku Remix)','Ta-ku','http://lastshrek.b0.upaiyun.com/2015/201510/31.jpg','http://lastshrek.b0.upaiyun.com/2015/201510/31.mp3',NULL,NULL,'破车推荐2015年10月号'),
	(445,'Close Your Eyes','Rhodes','http://lastshrek.b0.upaiyun.com/2015/201510/32.jpg','http://lastshrek.b0.upaiyun.com/2015/201510/32.mp3',NULL,NULL,'破车推荐2015年10月号'),
	(446,'Friends (Original Mix)','Steerner','http://lastshrek.b0.upaiyun.com/2015/201509/01.jpg','http://lastshrek.b0.upaiyun.com/2015/201509/01.mp3',NULL,NULL,'破车推荐2015年9月号'),
	(447,'Gave Me Something','Jess Glynne','http://lastshrek.b0.upaiyun.com/2015/201509/02.jpg','http://lastshrek.b0.upaiyun.com/2015/201509/02.mp3',NULL,NULL,'破车推荐2015年9月号'),
	(448,'She Treats Me Well','Ben Howard','http://lastshrek.b0.upaiyun.com/2015/201509/03.jpg','http://lastshrek.b0.upaiyun.com/2015/201509/03.mp3',NULL,NULL,'破车推荐2015年9月号'),
	(449,'Words','Jacoo','http://lastshrek.b0.upaiyun.com/2015/201509/04.jpg','http://lastshrek.b0.upaiyun.com/2015/201509/04.mp3',NULL,NULL,'破车推荐2015年9月号'),
	(450,'Bad Dream','Chloe Howl','http://lastshrek.b0.upaiyun.com/2015/201509/05.jpg','http://lastshrek.b0.upaiyun.com/2015/201509/05.mp3',NULL,NULL,'破车推荐2015年9月号'),
	(451,'Easy Love','Sigala','http://lastshrek.b0.upaiyun.com/2015/201509/06.jpg','http://lastshrek.b0.upaiyun.com/2015/201509/06.mp3',NULL,NULL,'破车推荐2015年9月号'),
	(452,'Cheerleader','Pentatonix','http://lastshrek.b0.upaiyun.com/2015/201509/07.jpg','http://lastshrek.b0.upaiyun.com/2015/201509/07.mp3',NULL,NULL,'破车推荐2015年9月号'),
	(453,'Where The Sun Goes (Future Extended Mix)','Redfoo / Stevie Wonder','http://lastshrek.b0.upaiyun.com/2015/201509/08.jpg','http://lastshrek.b0.upaiyun.com/2015/201509/08.mp3',NULL,NULL,'破车推荐2015年9月号'),
	(454,'Monsters','Katie Sky','http://lastshrek.b0.upaiyun.com/2015/201509/09.jpg','http://lastshrek.b0.upaiyun.com/2015/201509/09.mp3',NULL,NULL,'破车推荐2015年9月号'),
	(455,'Bleu (Original Mix)','Worakls','http://lastshrek.b0.upaiyun.com/2015/201509/10.jpg','http://lastshrek.b0.upaiyun.com/2015/201509/10.mp3',NULL,NULL,'破车推荐2015年9月号'),
	(456,'Too Late','Gui Boratto','http://lastshrek.b0.upaiyun.com/2015/201509/11.jpg','http://lastshrek.b0.upaiyun.com/2015/201509/11.mp3',NULL,NULL,'破车推荐2015年9月号'),
	(457,'High Hopes (filous Remix)','Kodaline','http://lastshrek.b0.upaiyun.com/2015/201509/12.jpg','http://lastshrek.b0.upaiyun.com/2015/201509/12.mp3',NULL,NULL,'破车推荐2015年9月号'),
	(458,'I\'m In Love With a Monster','Fifth Harmony','http://lastshrek.b0.upaiyun.com/2015/201509/13.jpg','http://lastshrek.b0.upaiyun.com/2015/201509/13.mp3',NULL,NULL,'破车推荐2015年9月号'),
	(459,'Nympho','Christopher','http://lastshrek.b0.upaiyun.com/2015/201509/14.jpg','http://lastshrek.b0.upaiyun.com/2015/201509/14.mp3',NULL,NULL,'破车推荐2015年9月号'),
	(460,'Beautiful Things Remix','西原健一郎','http://lastshrek.b0.upaiyun.com/2015/201509/15.jpg','http://lastshrek.b0.upaiyun.com/2015/201509/15.mp3',NULL,NULL,'破车推荐2015年9月号'),
	(461,'Blank Space  Style (feat. Devin Dawson)','Louisa Wendorff','http://lastshrek.b0.upaiyun.com/2015/201509/16.jpg','http://lastshrek.b0.upaiyun.com/2015/201509/16.mp3',NULL,NULL,'破车推荐2015年9月号'),
	(462,'Butterflies','Alex G','http://lastshrek.b0.upaiyun.com/2015/201509/17.jpg','http://lastshrek.b0.upaiyun.com/2015/201509/17.mp3',NULL,NULL,'破车推荐2015年9月号'),
	(463,'Paper Doll','Bea Miller','http://lastshrek.b0.upaiyun.com/2015/201509/18.jpg','http://lastshrek.b0.upaiyun.com/2015/201509/18.mp3',NULL,NULL,'破车推荐2015年9月号'),
	(464,'We\'ve Got Love','Babyface','http://lastshrek.b0.upaiyun.com/2015/201509/19.jpg','http://lastshrek.b0.upaiyun.com/2015/201509/19.mp3',NULL,NULL,'破车推荐2015年9月号'),
	(465,'listen','Said The Sky','http://lastshrek.b0.upaiyun.com/2015/201509/20.jpg','http://lastshrek.b0.upaiyun.com/2015/201509/20.mp3',NULL,NULL,'破车推荐2015年9月号'),
	(466,'This Is Living (feat. Lecrae)','Hillsong Young And Free','http://lastshrek.b0.upaiyun.com/2015/201509/21.jpg','http://lastshrek.b0.upaiyun.com/2015/201509/21.mp3',NULL,NULL,'破车推荐2015年9月号'),
	(467,'This Is Living (Acoustic)','Hillsong Young And Free','http://lastshrek.b0.upaiyun.com/2015/201509/22.jpg','http://lastshrek.b0.upaiyun.com/2015/201509/22.mp3',NULL,NULL,'破车推荐2015年9月号'),
	(468,'Love Myself','Hailee Steinfeld','http://lastshrek.b0.upaiyun.com/2015/201509/23.jpg','http://lastshrek.b0.upaiyun.com/2015/201509/23.mp3',NULL,NULL,'破车推荐2015年9月号'),
	(469,'Take Me Home','Jess Glynne','http://lastshrek.b0.upaiyun.com/2015/201509/24.jpg','http://lastshrek.b0.upaiyun.com/2015/201509/24.mp3',NULL,NULL,'破车推荐2015年9月号'),
	(470,'What Do You Mean?','Justin Bieber','http://lastshrek.b0.upaiyun.com/2015/201509/25.jpg','http://lastshrek.b0.upaiyun.com/2015/201509/25.mp3',NULL,NULL,'破车推荐2015年9月号'),
	(471,'You Know You Like It (DJ Snake Remix)','AlunaGeorge / DJ Snake','http://lastshrek.b0.upaiyun.com/2015/201509/26.jpg','http://lastshrek.b0.upaiyun.com/2015/201509/26.mp3',NULL,NULL,'破车推荐2015年9月号'),
	(472,'Hold Me Down','Halsey','http://lastshrek.b0.upaiyun.com/2015/201509/27.jpg','http://lastshrek.b0.upaiyun.com/2015/201509/27.mp3',NULL,NULL,'破车推荐2015年9月号'),
	(473,'The Only Thing Worth Fighting For (From The HBO Series True Detective)','Lera Lynn','http://lastshrek.b0.upaiyun.com/2015/201509/28.jpg','http://lastshrek.b0.upaiyun.com/2015/201509/28.mp3',NULL,NULL,'破车推荐2015年9月号'),
	(474,'Back Together','Robin Thicke / Nicki Minaj','http://lastshrek.b0.upaiyun.com/2015/201509/29.jpg','http://lastshrek.b0.upaiyun.com/2015/201509/29.mp3',NULL,NULL,'破车推荐2015年9月号'),
	(475,'Flemington','Tom Day','http://lastshrek.b0.upaiyun.com/2015/201509/30.jpg','http://lastshrek.b0.upaiyun.com/2015/201509/30.mp3',NULL,NULL,'破车推荐2015年9月号'),
	(476,'Fire Meet Gasoline','Sia','http://lastshrek.b0.upaiyun.com/2015/201509/31.jpg','http://lastshrek.b0.upaiyun.com/2015/201509/31.mp3',NULL,NULL,'破车推荐2015年9月号'),
	(477,'Only Love (Acoustic)','Pvris','http://lastshrek.b0.upaiyun.com/2015/201509/32.jpg','http://lastshrek.b0.upaiyun.com/2015/201509/32.mp3',NULL,NULL,'破车推荐2015年9月号'),
	(478,'Are You With Me','Lost Frequencies','http://lastshrek.b0.upaiyun.com/2015/201509/33.jpg','http://lastshrek.b0.upaiyun.com/2015/201509/33.mp3',NULL,NULL,'破车推荐2015年9月号'),
	(479,'Uh Oh Feeling','Brian McKnight','http://lastshrek.b0.upaiyun.com/2015/201509/34.jpg','http://lastshrek.b0.upaiyun.com/2015/201509/34.mp3',NULL,NULL,'破车推荐2015年9月号'),
	(480,'Love Me Like You Do','Madilyn Bailey & MAX','http://lastshrek.b0.upaiyun.com/2015/201509/35.jpg','http://lastshrek.b0.upaiyun.com/2015/201509/35.mp3',NULL,NULL,'破车推荐2015年9月号'),
	(481,'Lone Ranger','Rachel Platten','http://lastshrek.b0.upaiyun.com/2015/201509/36.jpg','http://lastshrek.b0.upaiyun.com/2015/201509/36.mp3',NULL,NULL,'破车推荐2015年9月号'),
	(482,'Body on Me (feat. Chris Brown)','Rita Ora / Chris Brown','http://lastshrek.b0.upaiyun.com/2015/201509/37.jpg','http://lastshrek.b0.upaiyun.com/2015/201509/37.mp3',NULL,NULL,'破车推荐2015年9月号'),
	(483,'香槟','郑允浩','http://lastshrek.b0.upaiyun.com/2015/201509/38.jpg','http://lastshrek.b0.upaiyun.com/2015/201509/38.mp3',NULL,NULL,'破车推荐2015年9月号'),
	(484,'Time To Say Goodbye','Lauren Aquilina','http://lastshrek.b0.upaiyun.com/2015/201509/39.jpg','http://lastshrek.b0.upaiyun.com/2015/201509/39.mp3',NULL,NULL,'破车推荐2015年9月号'),
	(485,'The Moments We Shared...I Miss Them','Jacoo','http://lastshrek.b0.upaiyun.com/2015/201509/40.jpg','http://lastshrek.b0.upaiyun.com/2015/201509/40.mp3',NULL,NULL,'破车推荐2015年9月号'),
	(486,'孩子','西楼','http://lastshrek.b0.upaiyun.com/2015/xilou-dongqingji/cover.jpg','http://lastshrek.b0.upaiyun.com/2015/xilou-dongqingji/01.mp3',NULL,NULL,'西楼 - 动情祭'),
	(487,'若水','西楼','http://lastshrek.b0.upaiyun.com/2015/xilou-dongqingji/cover.jpg','http://lastshrek.b0.upaiyun.com/2015/xilou-dongqingji/02.mp3',NULL,NULL,'西楼 - 动情祭'),
	(488,'Hold Tight','西楼','http://lastshrek.b0.upaiyun.com/2015/xilou-dongqingji/cover.jpg','http://lastshrek.b0.upaiyun.com/2015/xilou-dongqingji/03.mp3',NULL,NULL,'西楼 - 动情祭'),
	(489,'玫瑰疯了','西楼','http://lastshrek.b0.upaiyun.com/2015/xilou-dongqingji/cover.jpg','http://lastshrek.b0.upaiyun.com/2015/xilou-dongqingji/04.mp3',NULL,NULL,'西楼 - 动情祭'),
	(490,'动情祭','西楼','http://lastshrek.b0.upaiyun.com/2015/xilou-dongqingji/cover.jpg','http://lastshrek.b0.upaiyun.com/2015/xilou-dongqingji/05.mp3',NULL,NULL,'西楼 - 动情祭'),
	(491,'哑','西楼','http://lastshrek.b0.upaiyun.com/2015/xilou-dongqingji/cover.jpg','http://lastshrek.b0.upaiyun.com/2015/xilou-dongqingji/06.mp3',NULL,NULL,'西楼 - 动情祭'),
	(492,'惭愧了信仰的一切','西楼','http://lastshrek.b0.upaiyun.com/2015/xilou-dongqingji/cover.jpg','http://lastshrek.b0.upaiyun.com/2015/xilou-dongqingji/07.mp3',NULL,NULL,'西楼 - 动情祭'),
	(493,'Sorry','西楼','http://lastshrek.b0.upaiyun.com/2015/xilou-dongqingji/cover.jpg','http://lastshrek.b0.upaiyun.com/2015/xilou-dongqingji/08.mp3',NULL,NULL,'西楼 - 动情祭'),
	(494,'黑暗一线光','西楼','http://lastshrek.b0.upaiyun.com/2015/xilou-dongqingji/cover.jpg','http://lastshrek.b0.upaiyun.com/2015/xilou-dongqingji/09.mp3',NULL,NULL,'西楼 - 动情祭'),
	(495,'Miss Wanderer','西楼','http://lastshrek.b0.upaiyun.com/2015/xilou-dongqingji/cover.jpg','http://lastshrek.b0.upaiyun.com/2015/xilou-dongqingji/10.mp3',NULL,NULL,'西楼 - 动情祭'),
	(496,'小人物','金玟岐','http://lastshrek.b0.upaiyun.com/2015/jinwenqi-wanmeishijie/cover.jpg','http://lastshrek.b0.upaiyun.com/2015/jinwenqi-wanmeishijie/01.mp3',NULL,NULL,'金玟岐 - 完美世界'),
	(497,'无耻之徒','金玟岐','http://lastshrek.b0.upaiyun.com/2015/jinwenqi-wanmeishijie/cover.jpg','http://lastshrek.b0.upaiyun.com/2015/jinwenqi-wanmeishijie/02.mp3',NULL,NULL,'金玟岐 - 完美世界'),
	(498,'小丑','金玟岐','http://lastshrek.b0.upaiyun.com/2015/jinwenqi-wanmeishijie/cover.jpg','http://lastshrek.b0.upaiyun.com/2015/jinwenqi-wanmeishijie/03.mp3',NULL,NULL,'金玟岐 - 完美世界'),
	(499,'岁月神偷','金玟岐','http://lastshrek.b0.upaiyun.com/2015/jinwenqi-wanmeishijie/cover.jpg','http://lastshrek.b0.upaiyun.com/2015/jinwenqi-wanmeishijie/04.mp3',NULL,NULL,'金玟岐 - 完美世界'),
	(500,'装修','金玟岐','http://lastshrek.b0.upaiyun.com/2015/jinwenqi-wanmeishijie/cover.jpg','http://lastshrek.b0.upaiyun.com/2015/jinwenqi-wanmeishijie/05.mp3',NULL,NULL,'金玟岐 - 完美世界'),
	(501,'大儿童','金玟岐','http://lastshrek.b0.upaiyun.com/2015/jinwenqi-wanmeishijie/cover.jpg','http://lastshrek.b0.upaiyun.com/2015/jinwenqi-wanmeishijie/06.mp3',NULL,NULL,'金玟岐 - 完美世界'),
	(502,'讨喜','金玟岐','http://lastshrek.b0.upaiyun.com/2015/jinwenqi-wanmeishijie/cover.jpg','http://lastshrek.b0.upaiyun.com/2015/jinwenqi-wanmeishijie/07.mp3',NULL,NULL,'金玟岐 - 完美世界'),
	(503,'13','金玟岐','http://lastshrek.b0.upaiyun.com/2015/jinwenqi-wanmeishijie/cover.jpg','http://lastshrek.b0.upaiyun.com/2015/jinwenqi-wanmeishijie/08.mp3',NULL,NULL,'金玟岐 - 完美世界'),
	(504,'有志青年','金玟岐','http://lastshrek.b0.upaiyun.com/2015/jinwenqi-wanmeishijie/cover.jpg','http://lastshrek.b0.upaiyun.com/2015/jinwenqi-wanmeishijie/09.mp3',NULL,NULL,'金玟岐 - 完美世界'),
	(505,'城市背后 ','金玟岐','http://lastshrek.b0.upaiyun.com/2015/jinwenqi-wanmeishijie/cover.jpg','http://lastshrek.b0.upaiyun.com/2015/jinwenqi-wanmeishijie/10.mp3',NULL,NULL,'金玟岐 - 完美世界'),
	(506,'Strawberry Fields','Jess Glynne','http://lastshrek.b0.upaiyun.com/2015/JessGlynne-ICryWhenILaugh/cover.jpg','http://lastshrek.b0.upaiyun.com/2015/JessGlynne-ICryWhenILaugh/01.mp3',NULL,NULL,'JESS GLYNNE - I CRY WHEN I LAUGH (DELUXE)'),
	(507,'Gave Me Something','Jess Glynne','http://lastshrek.b0.upaiyun.com/2015/JessGlynne-ICryWhenILaugh/cover.jpg','http://lastshrek.b0.upaiyun.com/2015/JessGlynne-ICryWhenILaugh/02.mp3',NULL,NULL,'JESS GLYNNE - I CRY WHEN I LAUGH (DELUXE)'),
	(508,'Hold My Hand','Jess Glynne','http://lastshrek.b0.upaiyun.com/2015/JessGlynne-ICryWhenILaugh/cover.jpg','http://lastshrek.b0.upaiyun.com/2015/JessGlynne-ICryWhenILaugh/03.mp3',NULL,NULL,'JESS GLYNNE - I CRY WHEN I LAUGH (DELUXE)'),
	(509,'Real Love','Jess Glynne','http://lastshrek.b0.upaiyun.com/2015/JessGlynne-ICryWhenILaugh/cover.jpg','http://lastshrek.b0.upaiyun.com/2015/JessGlynne-ICryWhenILaugh/04.mp3',NULL,NULL,'JESS GLYNNE - I CRY WHEN I LAUGH (DELUXE)'),
	(510,'Ain\'t Got Far To Go','Jess Glynne','http://lastshrek.b0.upaiyun.com/2015/JessGlynne-ICryWhenILaugh/cover.jpg','http://lastshrek.b0.upaiyun.com/2015/JessGlynne-ICryWhenILaugh/05.mp3',NULL,NULL,'JESS GLYNNE - I CRY WHEN I LAUGH (DELUXE)'),
	(511,'Take Me Home','Jess Glynne','http://lastshrek.b0.upaiyun.com/2015/JessGlynne-ICryWhenILaugh/cover.jpg','http://lastshrek.b0.upaiyun.com/2015/JessGlynne-ICryWhenILaugh/06.mp3',NULL,NULL,'JESS GLYNNE - I CRY WHEN I LAUGH (DELUXE)'),
	(512,'Don\'t Be So Hard On Yourself','Jess Glynne','http://lastshrek.b0.upaiyun.com/2015/JessGlynne-ICryWhenILaugh/cover.jpg','http://lastshrek.b0.upaiyun.com/2015/JessGlynne-ICryWhenILaugh/07.mp3',NULL,NULL,'JESS GLYNNE - I CRY WHEN I LAUGH (DELUXE)'),
	(513,'You Can Find Me','Jess Glynne','http://lastshrek.b0.upaiyun.com/2015/JessGlynne-ICryWhenILaugh/cover.jpg','http://lastshrek.b0.upaiyun.com/2015/JessGlynne-ICryWhenILaugh/08.mp3',NULL,NULL,'JESS GLYNNE - I CRY WHEN I LAUGH (DELUXE)'),
	(514,'Why Me','Jess Glynne','http://lastshrek.b0.upaiyun.com/2015/JessGlynne-ICryWhenILaugh/cover.jpg','http://lastshrek.b0.upaiyun.com/2015/JessGlynne-ICryWhenILaugh/09.mp3',NULL,NULL,'JESS GLYNNE - I CRY WHEN I LAUGH (DELUXE)'),
	(515,'Love Me','Jess Glynne','http://lastshrek.b0.upaiyun.com/2015/JessGlynne-ICryWhenILaugh/cover.jpg','http://lastshrek.b0.upaiyun.com/2015/JessGlynne-ICryWhenILaugh/10.mp3',NULL,NULL,'JESS GLYNNE - I CRY WHEN I LAUGH (DELUXE)'),
	(516,'It Ain\'t Right','Jess Glynne','http://lastshrek.b0.upaiyun.com/2015/JessGlynne-ICryWhenILaugh/cover.jpg','http://lastshrek.b0.upaiyun.com/2015/JessGlynne-ICryWhenILaugh/11.mp3',NULL,NULL,'JESS GLYNNE - I CRY WHEN I LAUGH (DELUXE)'),
	(517,'No Rights No Wrongs','Jess Glynne','http://lastshrek.b0.upaiyun.com/2015/JessGlynne-ICryWhenILaugh/cover.jpg','http://lastshrek.b0.upaiyun.com/2015/JessGlynne-ICryWhenILaugh/12.mp3',NULL,NULL,'JESS GLYNNE - I CRY WHEN I LAUGH (DELUXE)'),
	(518,'Saddest Vanilla','Jess Glynne','http://lastshrek.b0.upaiyun.com/2015/JessGlynne-ICryWhenILaugh/cover.jpg','http://lastshrek.b0.upaiyun.com/2015/JessGlynne-ICryWhenILaugh/13.mp3',NULL,NULL,'JESS GLYNNE - I CRY WHEN I LAUGH (DELUXE)'),
	(519,'Right Here','Jess Glynne','http://lastshrek.b0.upaiyun.com/2015/JessGlynne-ICryWhenILaugh/cover.jpg','http://lastshrek.b0.upaiyun.com/2015/JessGlynne-ICryWhenILaugh/14.mp3',NULL,NULL,'JESS GLYNNE - I CRY WHEN I LAUGH (DELUXE)'),
	(520,'Home','Jess Glynne','http://lastshrek.b0.upaiyun.com/2015/JessGlynne-ICryWhenILaugh/cover.jpg','http://lastshrek.b0.upaiyun.com/2015/JessGlynne-ICryWhenILaugh/15.mp3',NULL,NULL,'JESS GLYNNE - I CRY WHEN I LAUGH (DELUXE)'),
	(521,'Bad Blood','Jess Glynne','http://lastshrek.b0.upaiyun.com/2015/JessGlynne-ICryWhenILaugh/cover.jpg','http://lastshrek.b0.upaiyun.com/2015/JessGlynne-ICryWhenILaugh/16.mp3',NULL,NULL,'JESS GLYNNE - I CRY WHEN I LAUGH (DELUXE)'),
	(522,'My Love (Acoustic)','Jess Glynne','http://lastshrek.b0.upaiyun.com/2015/JessGlynne-ICryWhenILaugh/cover.jpg','http://lastshrek.b0.upaiyun.com/2015/JessGlynne-ICryWhenILaugh/17.mp3',NULL,NULL,'JESS GLYNNE - I CRY WHEN I LAUGH (DELUXE)'),
	(523,'Not Letting Go','Jess Glynne','http://lastshrek.b0.upaiyun.com/2015/JessGlynne-ICryWhenILaugh/cover.jpg','http://lastshrek.b0.upaiyun.com/2015/JessGlynne-ICryWhenILaugh/18.mp3',NULL,NULL,'JESS GLYNNE - I CRY WHEN I LAUGH (DELUXE)'),
	(524,'Rather Be','Jess Glynne','http://lastshrek.b0.upaiyun.com/2015/JessGlynne-ICryWhenILaugh/cover.jpg','http://lastshrek.b0.upaiyun.com/2015/JessGlynne-ICryWhenILaugh/19.mp3',NULL,NULL,'JESS GLYNNE - I CRY WHEN I LAUGH (DELUXE)'),
	(525,'My Love','Jess Glynne','http://lastshrek.b0.upaiyun.com/2015/JessGlynne-ICryWhenILaugh/cover.jpg','http://lastshrek.b0.upaiyun.com/2015/JessGlynne-ICryWhenILaugh/20.mp3',NULL,NULL,'JESS GLYNNE - I CRY WHEN I LAUGH (DELUXE)'),
	(526,'unwritten','unwritten','12301.jpg','12301.mp3','unwritten','unwritten',NULL),
	(527,'unwritten','unwritten','12302.jpg','12302.mp3','unwritten','unwritten',NULL),
	(528,'unwritten','unwritten','dddd01.jpg','dddd01.mp3','unwritten','unwritten',NULL),
	(529,'unwritten','unwritten','dddd02.jpg','dddd02.mp3','unwritten','unwritten',NULL),
	(530,'unwritten','unwritten','dddd01.jpg','dddd01.mp3','unwritten','unwritten',NULL),
	(531,'unwritten','unwritten','dddd02.jpg','dddd02.mp3','unwritten','unwritten',NULL),
	(532,'unwritten','unwritten','dddd01.jpg','dddd01.mp3','unwritten','unwritten',NULL),
	(533,'unwritten','unwritten','dddd02.jpg','dddd02.mp3','unwritten','unwritten',NULL),
	(534,'Sit Still, Look Pretty','Daya','llllllcover.jpg','llllll01.mp3','unwritten','unwritten',NULL),
	(535,'Freal Luv','Far East Movement/Marshmello/Tinashé/朴灿烈','llllllcover.jpg','llllll02.mp3','unwritten','unwritten',NULL),
	(536,'Million Reasons','Lady Gaga','llllllcover.jpg','llllll03.mp3','unwritten','unwritten',NULL),
	(537,'U Sure Do (Bombs Away Remix)','Bombs Away/Jolyon Petch','llllllcover.jpg','llllll04.mp3','unwritten','unwritten',NULL),
	(538,'Still Waiting','Tom Chaplin','llllllcover.jpg','llllll05.mp3','unwritten','unwritten',NULL),
	(539,'Say You Won\'t Let Go','James Arthur','llllllcover.jpg','llllll06.mp3','unwritten','unwritten',NULL),
	(540,'床邊故事','周杰倫','123/cover.jpg','123/01.mp3','unwritten','unwritten',NULL),
	(541,'說走就走','周杰伦','123/cover.jpg','123/02.mp3','unwritten','unwritten',NULL),
	(542,'一點點','周杰伦','123/cover.jpg','123/03.mp3','unwritten','unwritten',NULL),
	(543,'前世情人','周杰倫','123/cover.jpg','123/04.mp3','unwritten','unwritten',NULL),
	(544,'英雄','周杰倫','123/cover.jpg','123/05.mp3','unwritten','unwritten',NULL),
	(545,'不該','周杰倫 & 張惠妹','123/cover.jpg','123/06.mp3','unwritten','unwritten',NULL),
	(546,'土耳其冰淇淋','周杰倫','123/cover.jpg','123/07.mp3','unwritten','unwritten',NULL),
	(547,'告白氣球','周杰倫','123/cover.jpg','123/08.mp3','unwritten','unwritten',NULL),
	(548,'Now You See Me','周杰倫','123/cover.jpg','123/09.mp3','unwritten','unwritten',NULL),
	(549,'愛情廢柴','周杰倫','123/cover.jpg','123/10.mp3','unwritten','unwritten',NULL);

/*!40000 ALTER TABLE `tracks` ENABLE KEYS */;
UNLOCK TABLES;


# Dump of table users
# ------------------------------------------------------------

DROP TABLE IF EXISTS `users`;

CREATE TABLE `users` (
  `user_name` varchar(255) NOT NULL,
  `user_password` varchar(255) NOT NULL,
  `user_email` varchar(255) NOT NULL,
  `user_id` int(11) NOT NULL AUTO_INCREMENT,
  PRIMARY KEY (`user_id`)
) ENGINE=InnoDB AUTO_INCREMENT=2 DEFAULT CHARSET=utf8;

LOCK TABLES `users` WRITE;
/*!40000 ALTER TABLE `users` DISABLE KEYS */;

INSERT INTO `users` (`user_name`, `user_password`, `user_email`, `user_id`)
VALUES
	('lastshrek','purchasr','lastshrek@foxmail.com',1);

/*!40000 ALTER TABLE `users` ENABLE KEYS */;
UNLOCK TABLES;



/*!40111 SET SQL_NOTES=@OLD_SQL_NOTES */;
/*!40101 SET SQL_MODE=@OLD_SQL_MODE */;
/*!40014 SET FOREIGN_KEY_CHECKS=@OLD_FOREIGN_KEY_CHECKS */;
/*!40101 SET CHARACTER_SET_CLIENT=@OLD_CHARACTER_SET_CLIENT */;
/*!40101 SET CHARACTER_SET_RESULTS=@OLD_CHARACTER_SET_RESULTS */;
/*!40101 SET COLLATION_CONNECTION=@OLD_COLLATION_CONNECTION */;
